Đường/Phố,Xã/Phường/Thị Trấn,Quận/Huyện,Diện tích,Giá,Số tầng,Số phòng ngủ,Số toilet
Nguyễn Hoàng,Mỹ Đình 1,Nam Từ Liêm,55,32,7,,
Tô Ngọc Vân,Quảng An,Tây Hồ,200,160,,,
Xóm Chùa,Quảng An,Tây Hồ,400,28,,,
Võ Chí Công,Nghĩa Đô,Cầu Giấy,125,75,,,
Mạc Thái Tông,Trung Hòa,Cầu Giấy,95,45,4,,
Trung Kính,Trung Hòa,Cầu Giấy,50,26,5,,
Nguyễn Chánh,Trung Hòa,Cầu Giấy,60,30,5,6,
Nguyễn Hoàng,Mai Dịch,Cầu Giấy,70,42,7,,
Nguyễn Xiển,Đại Kim,Hoàng Mai,75,38,5,,
Bà Triệu,Phúc La,Hà Đông,55,10,,4,
Nguyễn Cảnh Dị,Đại Kim,Hoàng Mai,55,14,,,
Tân Mai,Tân Mai,Hoàng Mai,40,10,4,4,3
Ngô Thì Nhậm,Trần Hưng Đạo,Hoàn Kiếm,60,6.5,2,2,2
Hàm Nghi,Cầu Diễn,Nam Từ Liêm,95,50,5,,
Nguyễn Khoái,Thanh Trì,Hoàng Mai,45,12,4,3,3
Kim Mã,Kim Mã,Ba Đình,85,18,4,4,4
Nguyễn Văn Lộc,Mỗ Lao,Hà Đông,50,18,6,,
Mễ Trì,Mễ Trì,Nam Từ Liêm,50,30,6,5,4
Mỹ Đình,Mỹ Đình 1,Nam Từ Liêm,54,19,5,6,4
Trịnh Văn Bô,Xuân Phương,Nam Từ Liêm,100,17,4,6,4
Trịnh Văn Bô,Xuân Phương,Nam Từ Liêm,150,30,7,6,6
Nguyễn Xiển,Đại Kim,Hoàng Mai,80,33,4,,
Đức Giang,Đức Giang,Long Biên,110,12,3,4,3
Nguyễn Thị Định,Trung Hòa,Cầu Giấy,45,16,5,7,4
Đội Cấn,Đội Cấn,Ba Đình,90,25,4,4,4
Huỳnh Thúc Kháng,Thành Công,Ba Đình,70,25,5,5,5
Hoàng Ngân,Trung Hòa,Cầu Giấy,55,22,5,6,4
Nguyễn Thị Định,Trung Hòa,Cầu Giấy,50,23,5,,
Xã Đàn,Trung Phụng,Đống Đa,80,32,6,,
Vạn Bảo,Liễu Giai,Ba Đình,130,36,,,
Đội Cấn,Vĩnh Phúc,Ba Đình,85,40,4,,
Trần Thái Tông,Dịch Vọng Hậu,Cầu Giấy,160,110,7,,
Trần Bình,Mai Dịch,Cầu Giấy,80,42,7,,
Nam Trung Yên,Trung Hòa,Cầu Giấy,85,45,4,,
Nguyễn Quốc Trị,Yên Hòa,Cầu Giấy,190,120,6,,
Nguyễn Tuân,Nhân Chính,Thanh Xuân,240,60,5,,
Lạc Long Quân,Xuân La,Tây Hồ,150,55,7,,
Cổ Nhuế,Cổ Nhuế 2,Bắc Từ Liêm,35,10,5,3,4
Phạm Tuấn Tài,Dịch Vọng Hậu,Cầu Giấy,55,30,6,5,5
Thiên Hiền,Mỹ Đình 1,Nam Từ Liêm,150,38,4,8,5
Trung Kính,Trung Hòa,Cầu Giấy,120,85,6,,
Hoàng Quốc Việt,Quan Hoa,Cầu Giấy,130,42,8,,
Phạm Hùng,Trung Hòa,Cầu Giấy,80,40,4,,
Vũ Phạm Hàm,Trung Hòa,Cầu Giấy,140,52,4,,
Hoàng Quốc Việt,Trung Hòa,Cầu Giấy,140,70,8,,
Trung Kính,Trung Hòa,Cầu Giấy,80,47,6,,
Nguyễn Chánh,Trung Hòa,Cầu Giấy,65,28,5,,
Nguyễn Chánh,Trung Hòa,Cầu Giấy,170,132,8,,
Trung Kính,Yên Hòa,Cầu Giấy,60,13,3,4,3
Trung Kính,Yên Hòa,Cầu Giấy,125,70,5,,
Đặng Thai Mai,Quảng An,Tây Hồ,80,24,2,4,
Trung Kính,Trung Hòa,Cầu Giấy,150,50,5,5,5
Trần Thái Tông,Dịch Vọng,Cầu Giấy,130,130,7,8,7
Đỗ Đức Dục,Mễ Trì,Nam Từ Liêm,80,27,,8,5
Trung Yên,Trung Hòa,Cầu Giấy,90,,7,,
Minh Khai,Minh Khai,Hai Bà Trưng,80,18,4,5,4
Nguyễn Văn Huyên,Quan Hoa,Cầu Giấy,65,35,6,,
Nguyễn Khánh Toàn,Quan Hoa,Cầu Giấy,58,25,5,,
Trần Thái Tông,Dịch Vọng,Cầu Giấy,130,150,7,7,7
Hoàng Quốc Việt,Nghĩa Đô,Cầu Giấy,62,26,,,
Phạm Tuấn Tài,Dịch Vọng Hậu,Cầu Giấy,65,25,,,
Hoàng Quốc Việt,Nghĩa Đô,Cầu Giấy,50,18,5,,
Nguyễn Văn Huyên,Quan Hoa,Cầu Giấy,65,35,6,,
Võ Chí Công,Nghĩa Đô,Cầu Giấy,27,12,4,3,3
Vĩnh Tuy,Vĩnh Tuy,Hai Bà Trưng,60,7,2,2,1
Nguyễn Văn Lộc,Mỗ Lao,Hà Đông,80,25,4,5,6
Nguyễn Hoàng,Mỹ Đình 2,Nam Từ Liêm,70,40,7,4,7
Hoàng Hoa Thám,Vĩnh Phúc,Ba Đình,45,10,,,
Trần Phú,Mỗ Lao,Hà Đông,54,23,5,6,3
Minh Khai,Vĩnh Tuy,Hai Bà Trưng,30,12,5,3,3
Hàng Chuối,Phạm Đình Hổ,Hai Bà Trưng,42,13.5,3,3,3
Miêu Nha,Tây Mỗ,Nam Từ Liêm,50,14.8,5,4,4
An Dương Vương,Phú Thượng,Tây Hồ,40,3,1,1,1
Hoàng Ngân,Trung Hòa,Cầu Giấy,95,28,6,,
Yên Xá,Tân Triều,Thanh Trì,60,5,4,,
Đào Tấn,Ngọc Khánh,Ba Đình,60,6,,1,1
Phúc Diễn,Cầu Diễn,Nam Từ Liêm,170,90,6,6,6
Trương Công Giai,Dịch Vọng,Cầu Giấy,90,85,8,8,8
Nguyễn Hoàng,Mỹ Đình 2,Nam Từ Liêm,130,120,6,6,6
Dương Khuê,Mai Dịch,Cầu Giấy,140,110,6,6,6
Đội Cấn,Đội Cấn,Ba Đình,150,95,4,4,4
Xuân Thủy,Dịch Vọng Hậu,Cầu Giấy,150,,6,6,6
Lạc Long Quân,Xuân La,Tây Hồ,130,100,7,7,7
Nguyễn Quốc Trị,Trung Hòa,Cầu Giấy,150,165,7,7,7
Trung Kính,Yên Hòa,Cầu Giấy,130,75,4,6,4
Nguyễn Quốc Trị,Trung Hòa,Cầu Giấy,100,50,5,5,5
Nguyễn Văn Huyên,Quan Hoa,Cầu Giấy,70,45,5,5,5
An Dương Vương,Phú Thượng,Tây Hồ,90,10.5,3,4,3
Nguyễn Du,Bùi Thị Xuân,Hai Bà Trưng,20,3.5,,,
Phan Kế Bính,Liễu Giai,Ba Đình,120,20,4,7,4
Mễ Trì,Mễ Trì,Nam Từ Liêm,50,27,,,
Hàm Nghi,Cầu Diễn,Nam Từ Liêm,60,22,,,
Lê Đức Thọ,Mỹ Đình 1,Nam Từ Liêm,60,30,,,
Văn Cao,Liễu Giai,Ba Đình,120,32,4,5,5
Tố Hữu,Dương Nội,Hà Đông,180,12,4,,
Giải Phóng,Giáp Bát,Hoàng Mai,60,15,4,4,
Bằng A,Hoàng Liệt,Hoàng Mai,100,25,,,
Đội Cấn,Ngọc Hà,Ba Đình,100,18,3,4,3
La Thành,Giảng Võ,Ba Đình,81,50,5,7,6
Kim Mã,Ngọc Khánh,Ba Đình,53,19,3,3,3
Tô Ngọc Vân,Quảng An,Tây Hồ,300,276,,18,20
Hoàng Văn Thái,Khương Mai,Thanh Xuân,50,24,4,4,3
Hoàng Hoa Thám,Liễu Giai,Ba Đình,35,18.5,5,3,4
Nguyễn Ngọc Vũ,Trung Hòa,Cầu Giấy,130,40,5,7,7
Vạn Bảo,Liễu Giai,Ba Đình,80,33,,4,4
Thiên Hiền,Mỹ Đình 2,Nam Từ Liêm,80,33,5,5,5
Thái Hà,Trung Liệt,Đống Đa,100,150,8,7,7
Tây Hồ,Quảng An,Tây Hồ,130,33,5,4,5
Ngọc Khánh,Ngọc Khánh,Ba Đình,65,25,5,6,4
Mai Anh Tuấn,Ô Chợ Dừa,Đống Đa,60,30,5,4,3
Nguyên Hồng,Láng Hạ,Đống Đa,65,130,7,,
Đội Cấn,Đội Cấn,Ba Đình,100,40,4,5,4
Nghi Tàm,Yên Phụ,Tây Hồ,200,17,5,5,2
Đặng Thai Mai,Quảng An,Tây Hồ,80,30,5,5,5
Huỳnh Thúc Kháng,Láng Hạ,Đống Đa,120,45,4,6,4
Hoàng Ngân,Trung Hòa,Cầu Giấy,55,22,5,5,
Nguyễn Thị Định,Trung Hòa,Cầu Giấy,52,28,5,5,
Tôn Đức Thắng,Hàng Bột,Đống Đa,53,23,4,,
Nghiêm Xuân Yêm,Đại Kim,Hoàng Mai,120,40,5,7,6
Đỗ Đức Dục,Mễ Trì,Nam Từ Liêm,75,28,5,5,
Thiên Hiền,Mỹ Đình 1,Nam Từ Liêm,90,30,,,
Đặng Thái Thân,Phan Chu Trinh,Hoàn Kiếm,50,17,4,4,4
Thái Thịnh,Láng Hạ,Đống Đa,75,18,4,,
Quốc Tử Giám,Ô Chợ Dừa,Đống Đa,80,25,5,6,5
Đội Cấn,Đội Cấn,Ba Đình,100,35,4,4,4
Đình Thôn,Mỹ Đình 1,Nam Từ Liêm,75,,5,6,4
Đào Tấn,Liễu Giai,Ba Đình,120,20,4,7,4
Đồng Me,Mễ Trì,Nam Từ Liêm,55,30,,,
Hào Nam,Ô Chợ Dừa,Đống Đa,30,14,6,4,
Trung Kính,Yên Hòa,Cầu Giấy,50,25,5,,
Lê Trọng Tấn,Dương Nội,Hà Đông,80,5,4,,
Lê Thánh Tông,Phan Chu Trinh,Hoàn Kiếm,90,12,3,2,3
Hàng Chuối,Phan Chu Trinh,Hoàn Kiếm,45,13,3,3,3
Hoàng Quốc Việt,Nghĩa Đô,Cầu Giấy,100,28,4,,
Hàm Nghi,Cầu Diễn,Nam Từ Liêm,95,50,5,,
Giảng Võ,Giảng Võ,Ba Đình,70,22,5,4,4
Dịch Vọng Hậu,Dịch Vọng Hậu,Cầu Giấy,110,65,6,,
Trung Kính,Trung Hòa,Cầu Giấy,70,33,4,,
Trương Định,Trương Định,Hai Bà Trưng,35,6,5,3,4
Trần Kim Xuyến,Trung Hòa,Cầu Giấy,80,53,6,,
Tam Trinh,Hoàng Văn Thụ,Hoàng Mai,25,4.3,4,3,4
Mễ Trì Thượng,Mễ Trì,Nam Từ Liêm,110,33,4,4,
Bát Khối,Thạch Bàn,Long Biên,40,22,,4,5
Mai Anh Tuấn,Ô Chợ Dừa,Đống Đa,60,60,6,,
Trung Liệt,Trung Liệt,Đống Đa,60,30,4,,
Đặng Thai Mai,Quảng An,Tây Hồ,75,17,4,4,4
Văn Cao,Liễu Giai,Ba Đình,500,90,5,5,5
Thành Công,Thành Công,Ba Đình,90,110,7,,
Nguyên Hồng,Láng Hạ,Đống Đa,80,100,,,
Hào Nam,Ô Chợ Dừa,Đống Đa,50,48,,,
Đội Cấn,Ngọc Hà,Ba Đình,80,50,,,
Đặng Văn Ngữ,Trung Tự,Đống Đa,60,65,,,
Đội Cấn,Ngọc Hà,Ba Đình,72,50,,,
Đặng Văn Ngữ,Trung Tự,Đống Đa,50,60,,,
Cự Lộc,Nhân Chính,Thanh Xuân,100,60,,,
Nguyên Hồng,Láng Hạ,Đống Đa,50,20,4,,
Láng,Láng Hạ,Đống Đa,350,210,4,,
Lê Trọng Tấn,Khương Mai,Thanh Xuân,70,18,5,8,5
Trần Kim Xuyến,Yên Hòa,Cầu Giấy,80,42,6,,
Lê Trọng Tấn,Dương Nội,Hà Đông,80,16,4,,
Trung Yên,Trung Hòa,Cầu Giấy,65,22,4,,
Trung Kính,Trung Hòa,Cầu Giấy,72,20,4,,
Đại Đồng,Đại Mạch,Đông Anh,70,2.5,,,
Thái Hà,Trung Liệt,Đống Đa,70,60,5,,
Phố Vọng,Đồng Tâm,Hai Bà Trưng,75,22,4,5,4
Nguyễn Hoàng,Mỹ Đình 1,Nam Từ Liêm,110,120,9,,
Lê Quang Đạo,Phú Đô,Nam Từ Liêm,140,120,7,,
Phạm Văn Đồng,Cổ Nhuế 1,Bắc Từ Liêm,128,30,,,
Tố Hữu,Vạn Phúc,Hà Đông,90,45,5,,
Lò Đúc,Đồng Nhân,Hai Bà Trưng,36,9,3,3,2
Hoàng Văn Thái,Khương Trung,Thanh Xuân,130,60,,,
Nguyễn Xiển,Hạ Đình,Thanh Xuân,80,25,,,
Vũ Trọng Phụng,Nhân Chính,Thanh Xuân,270,59,5,,
Lò Đúc,Phan Chu Trinh,Hoàn Kiếm,50,10,4,3,4
Phan Chu Trinh,Phan Chu Trinh,Hoàn Kiếm,70,35,5,5,6
Cửa Đông,Cửa Đông,Hoàn Kiếm,100,25,1,1,1
Nguyễn Xiển,Hạ Đình,Thanh Xuân,55,25,,5,4
Nghiêm Xuân Yêm,Đại Kim,Hoàng Mai,75,28,5,3,4
Nguyễn Hoàng,Mỹ Đình 1,Nam Từ Liêm,45,32,7,7,7
Hoàng Quốc Việt,Nghĩa Đô,Cầu Giấy,100,28,5,8,5
Nguyễn Khang,Yên Hòa,Cầu Giấy,40,12,4,,
Hoàng Hoa Thám,Điện Biên,Ba Đình,70,17,5,,
Xuân Đỉnh,Xuân La,Tây Hồ,45,9,4,,
Hoàng Ngân,Trung Hòa,Cầu Giấy,65,23,5,,
Trần Duy Hưng,Trung Hòa,Cầu Giấy,90,38,3,,
Đào Tấn,Kim Mã,Ba Đình,55,15,5,5,4
Hoàng Văn Thái,Khương Trung,Thanh Xuân,50,15,5,6,4
Hoàng Quốc Việt,Nghĩa Đô,Cầu Giấy,65,15,5,5,5
Lê Trọng Tấn,Phú La,Hà Đông,240,35,4,,
Quốc lộ 6,Yên Nghĩa,Hà Đông,100,6.2,,,
Lạc Long Quân,Nghĩa Đô,Cầu Giấy,35,12,4,3,4
Trung Hòa,Trung Hòa,Cầu Giấy,45,15,5,7,5
Trần Kim Xuyến,Yên Hòa,Cầu Giấy,95,35,5,8,5
Hoàng Cầu,Ô Chợ Dừa,Đống Đa,50,15,4,,2
Nguyễn Trãi,Hạ Đình,Thanh Xuân,50,22,,,
Linh Đàm,Hoàng Liệt,Hoàng Mai,60,16,,,
Nguyễn Cảnh Dị,Đại Kim,Hoàng Mai,61,15.9,5,5,5
Âu Cơ,Quảng An,Tây Hồ,80,15,2,3,3
Xa La,Phúc La,Hà Đông,70,17,5,,
Thái Thịnh,Trung Liệt,Đống Đa,66,8,7,,
Văn Phú,Phú La,Hà Đông,126,60,7,,
Triều Khúc,Thanh Xuân Nam,Thanh Xuân,45,15,,4,
Trần Hưng Đạo,Trần Hưng Đạo,Hoàn Kiếm,60,60,2,,
Nguyễn Xiển,Thanh Xuân Bắc,Thanh Xuân,75,30,5,5,5
Nguyễn Xiển,Thanh Xuân Trung,Thanh Xuân,75,30,5,5,5
Nguyễn Xiển,Thanh Xuân Bắc,Thanh Xuân,78,30,5,5,5
Trần Vỹ,Mai Dịch,Cầu Giấy,85,50,7,,
Nguyễn Khuyến,Văn Quán,Hà Đông,85,35,5,,
Nguyễn Trãi,Mỗ Lao,Hà Đông,95,55,,5,5
Xuân Diệu,Quảng An,Tây Hồ,150,165,,,2
Huỳnh Thúc Kháng,Láng Hạ,Đống Đa,60,18,4,,
Ngô Thì Nhậm,Hàng Bài,Hoàn Kiếm,60,6.5,,,
Bằng A,Hoàng Liệt,Hoàng Mai,240,35,4,,
Tứ Liên,Tứ Liên,Tây Hồ,100,15,4,4,4
Tứ Liên,Tứ Liên,Tây Hồ,200,25,5,4,3
Đê La Thành,Giảng Võ,Ba Đình,40,18,4,5,4
Huỳnh Thúc Kháng,Láng Hạ,Đống Đa,55,20,5,,
Đào Tấn,Liễu Giai,Ba Đình,150,21,3,,
Vạn Phúc,Đội Cấn,Ba Đình,70,32,,,
Nguyễn Ngọc Nại,Khương Đình,Thanh Xuân,50,22,5,7,5
Kim Mã,Kim Mã,Ba Đình,80,18,,,
Chùa Láng,Láng Thượng,Đống Đa,150,17,,,
Liễu Giai,Liễu Giai,Ba Đình,70,35,6,,
Hào Nam,Ô Chợ Dừa,Đống Đa,45,14,4,4,
Hoàng Quốc Việt,Nghĩa Tân,Cầu Giấy,45,20,5,5,4
Hoàng Cầu,Ô Chợ Dừa,Đống Đa,45,14,4,4,
Lê Trọng Tấn,Dương Nội,Hà Đông,100,5,4,,
Ngọc Khánh,Giảng Võ,Ba Đình,100,16,5,4,4
Hoàng Cầu,Ô Chợ Dừa,Đống Đa,50,42,4,,
Hào Nam,Cát Linh,Đống Đa,75,18,5,4,4
Yên Lãng,Trung Liệt,Đống Đa,50,45,,,
Hoàng Cầu,Ô Chợ Dừa,Đống Đa,65,14,4,4,4
Quan Hoa,Quan Hoa,Cầu Giấy,50,35,5,5,4
Trần Phú,Văn Quán,Hà Đông,35,18,5,3,
Trần Phú,Mỗ Lao,Hà Đông,58,25,5,6,
Đầm Trấu,Bạch Đằng,Hai Bà Trưng,60,19,4,6,4
Văn Cao,Liễu Giai,Ba Đình,80,30,,,
Nguyễn Chí Thanh,Liễu Giai,Ba Đình,55,20,5,5,5
Đội Cấn,Đội Cấn,Ba Đình,70,18,5,6,5
Tố Hữu,Vạn Phúc,Hà Đông,90,40,6,,
Liễu Giai,Liễu Giai,Ba Đình,120,32,4,6,4
Đê La Thành,Ngọc Hà,Ba Đình,60,15,,,
Đại lộ Thăng Long,An Khánh,Hoài Đức,103,17,5,4,4
Ngô Thì Nhậm,La Khê,Hà Đông,42,15,5,,
Liễu Giai,Liễu Giai,Ba Đình,70,20,6,,
Nguyễn Chí Thanh,Liễu Giai,Ba Đình,70,25,6,,
Hoàng Cầu,Ô Chợ Dừa,Đống Đa,60,18,5,6,4
Hào Nam,Ô Chợ Dừa,Đống Đa,60,16,5,5,5
Văn Miếu,Quốc Tử Giám,Đống Đa,70,20,5,5,4
Chùa Bộc,Khương Thượng,Đống Đa,180,32,5,8,5
Xuân Phương,Xuân Phương,Nam Từ Liêm,30,10,5,3,4
Tố Hữu,Vạn Phúc,Hà Đông,55,14,4,3,4
Dương Khuê,Mai Dịch,Cầu Giấy,80,35,5,,
Tố Hữu,Dương Nội,Hà Đông,213,20,6,,
Trường Lâm,Đức Giang,Long Biên,200,75,6,6,6
Hoàng Cầu,Ô Chợ Dừa,Đống Đa,50,15,4,2,3
19/5,Văn Quán,Hà Đông,100,25,5,,
Âu Cơ,Tứ Liên,Tây Hồ,115,43,5,7,
Nguyễn Thị Thập,Trung Hòa,Cầu Giấy,90,48,7,,
Đại Từ,Hoàng Liệt,Hoàng Mai,50,12,5,7,5
Mạc Thái Tổ,Yên Hòa,Cầu Giấy,70,50,5,,
Tô Ngọc Vân,Quảng An,Tây Hồ,300,,5,4,4
An Dương Vương,Phú Thượng,Tây Hồ,25,2,,1,1
Đỗ Đức Dục,Mễ Trì,Nam Từ Liêm,48,17,,,
Đức Giang,Đức Giang,Long Biên,110,12,3,4,3
Bà Triệu,Hà Cầu,Hà Đông,40,10,4,4,
Cầu Bươu,Phúc La,Hà Đông,58,10,4,,
Đông Ngạc,Đông Ngạc,Bắc Từ Liêm,35,9,5,2,4
Vũ Hữu,Thanh Xuân Bắc,Thanh Xuân,80,10,,2,
Lê Hồng Phong,Hà Cầu,Hà Đông,40,10,,,
Xuân Diệu,Quảng An,Tây Hồ,180,8,,,
Vương Thừa Vũ,Khương Trung,Thanh Xuân,80,7,,,
Mỹ Đình,Mỹ Đình 1,Nam Từ Liêm,35,14,,3,4
Linh Lang,Cống Vị,Ba Đình,40,26,,,
Đào Tấn,Cống Vị,Ba Đình,45,28,,,
Đội Cấn,Đội Cấn,Ba Đình,56,18,,,
Hoàng Quốc Việt,Nghĩa Tân,Cầu Giấy,70,25,4,,
Âu Cơ,Nhật Tân,Tây Hồ,35,12,6,3,4
Lò Đúc,Đống Mác,Hai Bà Trưng,40,13,,4,3
Thụy Khuê,Thụy Khuê,Tây Hồ,50,3.5,,7,5
Hào Nam,Ô Chợ Dừa,Đống Đa,50,14,,,
Trường Chinh,Phương Mai,Đống Đa,50,25,5,,
Kim Mã,Giảng Võ,Ba Đình,70,22,,,
Liễu Giai,Liễu Giai,Ba Đình,150,35,4,,
Đặng Văn Ngữ,Trung Tự,Đống Đa,60,30,,,
Vạn Phúc,Liễu Giai,Ba Đình,60,35,6,,
Liễu Giai,Vĩnh Phúc,Ba Đình,60,16,4,,
Hoàng Cầu,Ô Chợ Dừa,Đống Đa,80,23,4,,
Xã Đàn,Kim Liên,Đống Đa,120,35,6,,
Trung Văn,Trung Văn,Nam Từ Liêm,71,7.5,2,4,2
Nguyễn Tuân,Nhân Chính,Thanh Xuân,80,50,5,6,6
Đại Mỗ,Đại Mỗ,Nam Từ Liêm,250,14,5,6,4
Trung Kính,Trung Hòa,Cầu Giấy,90,25,5,,
Trần Thái Tông,Dịch Vọng,Cầu Giấy,130,135,,,
Nguyễn Thị Định,Trung Hòa,Cầu Giấy,90,25,,,
Trần Duy Hưng,Trung Hòa,Cầu Giấy,140,50,6,6,6
Trung Yên 3,Yên Hòa,Cầu Giấy,120,55,7,7,7
Tố Hữu,Vạn Phúc,Hà Đông,130,50,7,7,7
Nguyễn Quốc Trị,Yên Hòa,Cầu Giấy,150,100,8,8,8
Trung Kính,Yên Hòa,Cầu Giấy,90,20,5,5,5
Kim Mã,Kim Mã,Ba Đình,130,21,4,6,6
Lê Văn Lương,Nhân Chính,Thanh Xuân,140,20,5,6,5
Trung Yên 11,Yên Hòa,Cầu Giấy,120,20,5,,
Trung Yên 10,Trung Hòa,Cầu Giấy,100,48,4,6,4
Đào Tấn,Đội Cấn,Ba Đình,150,20,3,5,5
Hoàng Cầu,Ô Chợ Dừa,Đống Đa,70,13,4,4,4
Nguyễn Chí Thanh,Láng Hạ,Đống Đa,70,20,,,
Hoàng Cầu,Ô Chợ Dừa,Đống Đa,80,30,5,5,4
Chùa Bộc,Khương Thượng,Đống Đa,45,13,4,4,2
Phạm Ngọc Thạch,Nam Đồng,Đống Đa,60,35,5,6,5
Trường Chinh,Ngã Tư Sở,Đống Đa,50,18,5,4,4
Trung Kính,Trung Hòa,Cầu Giấy,125,70,4,4,4
Đặng Văn Ngữ,Trung Tự,Đống Đa,52,45,5,7,6
Đội Cấn,Đội Cấn,Ba Đình,130,70,4,,
Nguyễn Văn Huyên,Dịch Vọng,Cầu Giấy,65,38,5,5,5
Khuất Duy Tiến,Thanh Xuân Trung,Thanh Xuân,50,10,,4,
Yên Lộ,Yên Nghĩa,Hà Đông,31,7.5,3,3,2
Lạc Long Quân,Xuân La,Tây Hồ,80,35,7,,
Linh Đàm,Hoàng Liệt,Hoàng Mai,60,16.5,4,4,4
Âu Cơ,Tứ Liên,Tây Hồ,140,40,5,7,
Ô Cách,Việt Hưng,Long Biên,45,7.99,4,5,3
Nguyệt Quế,Phúc Đồng,Long Biên,96,30,,,
Huỳnh Thúc Kháng,Láng Hạ,Đống Đa,115,100,,,
Hàm Nghi,Cầu Diễn,Nam Từ Liêm,220,120,5,5,5
Nguyên Hồng,Láng Hạ,Đống Đa,100,90,,,
Cát Linh,Cát Linh,Đống Đa,65,17,,,
Hào Nam,Ô Chợ Dừa,Đống Đa,50,18,,,
Trần Kim Xuyến,Trung Hòa,Cầu Giấy,160,60,4,3,
Nguyên Hồng,Láng Hạ,Đống Đa,120,90,8,,
Lạc Long Quân,Xuân La,Tây Hồ,80,30,7,,
Vũ Trọng Phụng,Nhân Chính,Thanh Xuân,80,50,,,
Tân Thụy,Phúc Đồng,Long Biên,100,8,,,
Trần Duy Hưng,Trung Hòa,Cầu Giấy,90,25,6,,
Lê Trọng Tấn,La Khê,Hà Đông,53.5,7,2,2,2
Lê Trọng Tấn,Dương Nội,Hà Đông,100,10,4,,
Nguyễn Đức Cảnh,Tương Mai,Hoàng Mai,50,15,,3,1
Hoàng Văn Thái,Khương Mai,Thanh Xuân,87,40,,,
Phạm Đình Hổ,Phạm Đình Hổ,Hai Bà Trưng,10,4,3,2,1
Hoàng Cầu,Trung Liệt,Đống Đa,47,15,4,3,2
Cầu Giấy,Trung Hòa,Cầu Giấy,65,16,4,,
Lê Văn Lương,Trung Hòa,Cầu Giấy,60,25,4,6,4
Đặng Thai Mai,Quảng An,Tây Hồ,60,24,4,3,2
Quang Tiến,Đại Mỗ,Nam Từ Liêm,40,10,6,3,4
Vạn Kiếp,Cửa Nam,Hoàn Kiếm,75,15.7,3,4,3
Trần Hưng Đạo,Trần Hưng Đạo,Hoàn Kiếm,30,10,2,,
Thanh Liệt,Thanh Trì,Hoàng Mai,75,27,,,
Nguyễn Sơn,Long Biên,Long Biên,45,12,3,,
Giáp Nhị,Thịnh Liệt,Hoàng Mai,100,10,,,
Tố Hữu,Dương Nội,Hà Đông,198,25,4,,
Pháo Đài Láng,Láng Thượng,Đống Đa,40,11,4,4,3
Lạc Long Quân,Thụy Khuê,Tây Hồ,300,,,,
Lạc Long Quân,Thụy Khuê,Tây Hồ,70,29,5,,
Võ Chí Công,Thụy Khuê,Tây Hồ,70,25,5,,
Võ Chí Công,Bưởi,Tây Hồ,80,49,6,,
Võ Chí Công,Thụy Khuê,Tây Hồ,150,50,7,,
Nguyễn Quốc Trị,Trung Hòa,Cầu Giấy,170,138,8,,
Xóm Chùa,Quảng An,Tây Hồ,420,29,8,4,2
Nghi Tàm,Quảng An,Tây Hồ,250,123,,,
Nguyễn Hoàng,Mỹ Đình 1,Nam Từ Liêm,80,42,,,
Mạc Thái Tổ,Yên Hòa,Cầu Giấy,70,50,5,,
Trung Phụng,Khâm Thiên,Đống Đa,80,35,,,
An Trường,An Khánh,Hoài Đức,42,5.5,2,2,2
Nguyễn Đức Cảnh,Tương Mai,Hoàng Mai,50,10,4,4,3
Giải Phóng,Thịnh Liệt,Hoàng Mai,275,15,,,
Nguyễn Văn Linh,Sài Đồng,Long Biên,100,15,3,3,
Chùa Láng,Láng Hạ,Đống Đa,60,19,3,,
Ngọc Thụy,Ngọc Thụy,Long Biên,50,15,5,3,4
Mễ Trì,Mễ Trì,Nam Từ Liêm,48,27,6,8,6
Tố Hữu,Mỗ Lao,Hà Đông,200,40,6,,
Trần Xuân Soạn,Phạm Đình Hổ,Hai Bà Trưng,90,14,2,2,1
Lương Thế Vinh,Mễ Trì,Nam Từ Liêm,90,25,,,
Trung Kính,Trung Hòa,Cầu Giấy,50,23,5,6,5
Nguyễn Khuyến,Văn Quán,Hà Đông,80,20,,,
Xuân Đỉnh,Xuân Đỉnh,Bắc Từ Liêm,30,9,5,,
Nguyễn Hoàng,Mỹ Đình 1,Nam Từ Liêm,70,40,,,
Trần Thái Tông,Dịch Vọng Hậu,Cầu Giấy,130,150,8,,
Nguyên Hồng,Láng Hạ,Đống Đa,48,22,3,4,3
Xuân Đỉnh,Xuân Đỉnh,Bắc Từ Liêm,35,10,6,3,
Tây Hồ,Xuân La,Tây Hồ,120,60,7,7,7
Khuất Duy Tiến,Thanh Xuân Bắc,Thanh Xuân,30,8,3,2,2
Nguyên Hồng,Láng Hạ,Đống Đa,120,45,4,6,4
Nguyễn Hoàng,Mỹ Đình 1,Nam Từ Liêm,80,13.5,,,
Nghiêm Xuân Yêm,Đại Kim,Hoàng Mai,75,12,1,1,1
Trần Hưng Đạo,Trần Hưng Đạo,Hoàn Kiếm,25,10,2,3,2
Trần Phú,Văn Quán,Hà Đông,35,18,3,3,
Nguyễn Xiển,Đại Kim,Hoàng Mai,90,17,1,1,1
Đào Tấn,Liễu Giai,Ba Đình,65,20,5,5,5
Vũ Phạm Hàm,Trung Hòa,Cầu Giấy,100,70,7,4,7
Định Công Thượng,Định Công,Hoàng Mai,40,4,,,
Lạc Long Quân,Xuân La,Tây Hồ,55,14,4,4,3
Đầm Trấu,Bạch Đằng,Hai Bà Trưng,50,19,5,6,6
Mai Hắc Đế,Lê Đại Hành,Hai Bà Trưng,30,9,,2,2
Hoàng Quốc Việt,Nghĩa Đô,Cầu Giấy,100,28,4,5,3
Nguyễn Ngọc Vũ,Trung Hòa,Cầu Giấy,35,15,,,
Nguyễn Ngọc Vũ,Trung Hòa,Cầu Giấy,30,14,,,
Nguyễn Thị Định,Trung Hòa,Cầu Giấy,75,35,5,4,5
Lê Quang Đạo,Mỹ Đình 1,Nam Từ Liêm,135,120,8,,
Lê Trọng Tấn,Dương Nội,Hà Đông,270,35,4,,
Nguyễn Hoàng,Mỹ Đình 2,Nam Từ Liêm,120,120,10,,
Trần Tử Bình,Mai Dịch,Cầu Giấy,20,23,5,,
Tân Mỹ,Mỹ Đình 2,Nam Từ Liêm,95,18,,5,3
Trần Duy Hưng,Trung Hòa,Cầu Giấy,130,75,,,
Nguyễn Chí Thanh,Khương Thượng,Đống Đa,110,65,5,,
Nguyễn Thị Định,Trung Hòa,Cầu Giấy,200,62,5,,
Tô Ngọc Vân,Quảng An,Tây Hồ,130,50,4,5,
Xuân La,Xuân La,Tây Hồ,105,22,3,,
Lạc Long Quân,Xuân La,Tây Hồ,50,33,6,,
Nguyễn Cảnh Dị,Đại Kim,Hoàng Mai,54,18,4,5,
Dương Văn Bé,Vĩnh Tuy,Hai Bà Trưng,30,10,,,
Xã Đàn,Nam Đồng,Đống Đa,120,95,,,
Đại Mỗ,Đại Mỗ,Nam Từ Liêm,200,70,,,
Lê Quang Đạo,Mỹ Đình 1,Nam Từ Liêm,130,120,,,
Thụy Khuê,Ngọc Hà,Ba Đình,54,14,,,
Cầu Giấy,Quan Hoa,Cầu Giấy,185,45,,,
Nguyễn Ngọc Vũ,Nhân Chính,Thanh Xuân,30,15,,,
Chùa Láng,Ô Chợ Dừa,Đống Đa,55,20,,,
Cửa Đông,Hàng Mã,Hoàn Kiếm,90,30,,,
Lê Duẩn,Nguyễn Du,Hai Bà Trưng,30,15,4,2,3
Đội Cấn,Đội Cấn,Ba Đình,65,20,4,4,4
Võ Văn Dũng,Ô Chợ Dừa,Đống Đa,65,25,4,6,4
Huỳnh Thúc Kháng,Láng Hạ,Đống Đa,120,40,4,7,4
Nghĩa Dũng,Phúc Xá,Ba Đình,80,24,4,4,4
Thụy Khuê,Thụy Khuê,Tây Hồ,80,40,5,5,5
Nguyễn Văn Cừ,Gia Thụy,Long Biên,100,21,5,4,4
Tố Hữu,Vạn Phúc,Hà Đông,75,19,4,,
Ngô Thì Nhậm,Hà Cầu,Hà Đông,75,20,4,6,5
Nguyễn Hoàng,Mỹ Đình 1,Nam Từ Liêm,70,45,7,9,7
La Thành,Cát Linh,Đống Đa,65,15,,,
Tân Mai,Tân Mai,Hoàng Mai,80,17,4,5,4
Hào Nam,Ô Chợ Dừa,Đống Đa,60,13,5,6,5
Ngọc Thụy,Ngọc Thụy,Long Biên,50,15,4,3,3
Nguyễn Lam,Phúc Đồng,Long Biên,59,8.5,3,6,
Nguyễn Cảnh Dị,Đại Kim,Hoàng Mai,50,13,4,6,4
Vũ Thạnh,Ô Chợ Dừa,Đống Đa,46.5,8,2,2,1
Đồng Me,Mễ Trì,Nam Từ Liêm,50,27,6,6,6
Định Công,Định Công,Hoàng Mai,75,22,3,5,5
Đội Cấn,Đội Cấn,Ba Đình,56,18,4,,
Thụy Khuê,Bưởi,Tây Hồ,70,15,4,4,4
Nguyễn Thị Định,Trung Hòa,Cầu Giấy,42,20,5,7,5
Lê Đức Thọ,Mỹ Đình 1,Nam Từ Liêm,90,17,,,
Tố Hữu,La Khê,Hà Đông,60,26,6,6,6
Nguyễn Xiển,Đại Kim,Hoàng Mai,75,28,,,
Hoàng Quốc Việt,Nghĩa Tân,Cầu Giấy,50,32,6,,
Lê Trọng Tấn,Dương Nội,Hà Đông,90,8,,,
Hoàng Quốc Việt,Nghĩa Đô,Cầu Giấy,82,30,4,,
Nguyễn Văn Huyên,Dịch Vọng,Cầu Giấy,70,42,6,,
Nguyễn Chánh,Yên Hòa,Cầu Giấy,75,40,4,4,
Nguyễn Xiển,Đại Kim,Hoàng Mai,200,55,4,6,4
Mai Anh Tuấn,Ô Chợ Dừa,Đống Đa,50,40,6,4,4
Võ Chí Công,Nghĩa Đô,Cầu Giấy,110,40,4,8,7
Lạc Long Quân,Xuân La,Tây Hồ,36,12,5,3,4
Tố Hữu,Vạn Phúc,Hà Đông,70,25,6,8,6
Kim Giang,Thanh Liệt,Thanh Trì,80,26,5,,
Thạch Bàn,Thạch Bàn,Long Biên,50,8.5,4,4,4
Quang Trung,Yên Nghĩa,Hà Đông,33,6.5,4,3,3
Nguyễn Văn Huyên,Nghĩa Đô,Cầu Giấy,65,45,2,,
Phạm Hùng,Trung Hòa,Cầu Giấy,75,40,5,,
Đỗ Quang,Trung Hòa,Cầu Giấy,65,22,5,,
Hoàng Văn Thái,Khương Mai,Thanh Xuân,80,40,4,,
Thụy Khuê,Thụy Khuê,Tây Hồ,70,35,5,,
Lê Trọng Tấn,Khương Mai,Thanh Xuân,70,24,5,,
Tố Hữu,Vạn Phúc,Hà Đông,90,50,6,6,6
Nghiêm Xuân Yêm,Đại Kim,Hoàng Mai,75,30,5,5,5
Trần Duy Hưng,Trung Hòa,Cầu Giấy,180,100,7,9,9
Tam Trinh,Hoàng Văn Thụ,Hoàng Mai,115,35,4,,
Nguyễn Huy Tưởng,Nhân Chính,Thanh Xuân,68,40,,4,5
Hoàng Văn Thái,Khương Mai,Thanh Xuân,140,36,4,4,5
Lương Thế Vinh,Mễ Trì,Nam Từ Liêm,90,30,5,6,4
Huỳnh Thúc Kháng,Láng Hạ,Đống Đa,108,68,5,5,5
Minh Khai,Minh Khai,Hai Bà Trưng,60,15,3,3,3
Thành Công,Thành Công,Ba Đình,42,15,3,3,3
Trung Kính,Trung Hòa,Cầu Giấy,70,35,5,6,5
Cổ Điển A,Tứ Hiệp,Thanh Trì,50,5,2,2,1
Mễ Trì Hạ,Mễ Trì,Nam Từ Liêm,250,70,4,5,4
Thành Thái,Dịch Vọng,Cầu Giấy,200,50,4,5,4
Nguyễn Chánh,Trung Hòa,Cầu Giấy,100,50,5,5,5
Đại lộ Thăng Long,Mễ Trì,Nam Từ Liêm,60,45,7,10,10
Hai Bà Trưng,Hàng Bài,Hoàn Kiếm,450,470,,,
Tô Ngọc Vân,Quảng An,Tây Hồ,120,115,7,12,12
Âu Cơ,Tứ Liên,Tây Hồ,180,17,5,5,6
Đặng Thai Mai,Quảng An,Tây Hồ,40,11,6,4,3
Lê Trọng Tấn,Dương Nội,Hà Đông,120,6,4,,
Bát Khối,Thạch Bàn,Long Biên,45,7.5,3,3,2
Nguyễn Chánh,Trung Hòa,Cầu Giấy,80,50,,,
Hàm Nghi,Cầu Diễn,Nam Từ Liêm,220,120,,,
Phạm Hùng,Mỹ Đình 2,Nam Từ Liêm,125,80,8,,
Nguyễn Khang,Yên Hòa,Cầu Giấy,120,,8,,
Hoa Lan,Phúc Lợi,Long Biên,350,55,3,4,5
Hoa Sữa,Phúc Lợi,Long Biên,400,58,3,4,5
Nguyệt Quế, Việt Hưng,Long Biên,90,25,3,4,5
Trung Kính,Trung Hòa,Cầu Giấy,80,35,5,6,5
Đội Cấn,Đội Cấn,Ba Đình,100,17,4,4,4
Trần Kim Xuyến,Trung Hòa,Cầu Giấy,80,40,5,5,5
Trung Yên,Trung Hòa,Cầu Giấy,100,40,5,7,5
Hoàng Ngân,Trung Hòa,Cầu Giấy,75,30,5,7,5
Nguyễn Thị Định,Trung Hòa,Cầu Giấy,75,40,5,7,5
Trung Yên,Trung Hòa,Cầu Giấy,50,22,5,7,5
Chùa Láng,Láng Thượng,Đống Đa,150,17,2,2,2
Trần Thái Tông,Dịch Vọng,Cầu Giấy,150,160,7,7,7
Hoàng Cầu,Ô Chợ Dừa,Đống Đa,85,28,4,,
Nguyễn Khang,Trung Hòa,Cầu Giấy,150,180,8,8,8
Xã Đàn,Phương Liên,Đống Đa,40,16,4,,
Nguyễn Thị Định,Trung Hòa,Cầu Giấy,150,38,4,5,4
Xã Đàn,Nam Đồng,Đống Đa,80,25,6,,
Hoàng Cầu,Ô Chợ Dừa,Đống Đa,50,17,5,5,4
Văn Cao,Cống Vị,Ba Đình,80,20,4,4,4
Thái Hà,Láng Hạ,Đống Đa,100,75,6,6,6
Trần Quang Diệu,Ô Chợ Dừa,Đống Đa,65,28,5,6,5
Thụy Khuê,Liễu Giai,Ba Đình,80,33,5,6,4
Hoàng Cầu,Ô Chợ Dừa,Đống Đa,65,15,5,5,5
Đội Cấn,Đội Cấn,Ba Đình,60,15,4,4,4
Vạn Phúc,Liễu Giai,Ba Đình,90,30,6,5,5
Ngọc Khánh,Ngọc Khánh,Ba Đình,70,25,5,6,5
Đào Tấn,Liễu Giai,Ba Đình,120,32,4,,
Văn Cao,Ngọc Hà,Ba Đình,57,16,,,
Hoàng Cầu,Trung Liệt,Đống Đa,55,18,6,,
Huỳnh Thúc Kháng,Cống Vị,Ba Đình,60,23,5,,
Đào Tấn,Cống Vị,Ba Đình,140,25,4,,
Hoàng Ngân,Trung Hòa,Cầu Giấy,60,20,3,3,1
Tả Thanh Oai,Tả Thanh Oai,Thanh Trì,35,6,5,4,3
Lê Trọng Tấn,Dương Nội,Hà Đông,130,16,4,4,
Bồ Đề,Bồ Đề,Long Biên,33,6,4,30,
Thọ Lão,Đống Mác,Hai Bà Trưng,35,5,,,
Cầu Giấy,Quan Hoa,Cầu Giấy,72,30,6,,
Lê Trọng Tấn,Dương Nội,Hà Đông,120,13,4,,
Xuân Diệu,Quảng An,Tây Hồ,200,148,6,,
Lê Trọng Tấn,Dương Nội,Hà Đông,60,11,4,,
Nguyễn Văn Linh,Thạch Bàn,Long Biên,70,4,,,
Lê Trọng Tấn,Dương Nội,Hà Đông,130,30,5,,
Nguyễn Văn Linh,Thạch Bàn,Long Biên,70,4,1,,
Lê Đức Thọ,Mỹ Đình 1,Nam Từ Liêm,50,11,4,4,4
Phùng Khoang,Trung Văn,Nam Từ Liêm,65,18,,,
Lê Đức Thọ,Mỹ Đình 1,Nam Từ Liêm,60,14.5,5,6,5
Lạc Trung,Thanh Lương,Hai Bà Trưng,100,25,4,5,5
Vũ Xuân Thiều,Phúc Đồng,Long Biên,40,2.5,,,
Trung Yên,Trung Hòa,Cầu Giấy,100,40,6,,
Đỗ Quang,Trung Hòa,Cầu Giấy,50,30,5,6,4
Tân Mỹ,Mỹ Đình 1,Nam Từ Liêm,90,18,5,4,3
Ba La,Phú La,Hà Đông,45,18,5,5,4
Lê Trọng Tấn,Dương Nội,Hà Đông,140,23,4,,
Trần Hưng Đạo,Trần Hưng Đạo,Hoàn Kiếm,50,15,3,3,2
Hoàng Cầu,Ngã Tư Sở,Đống Đa,30,7.5,5,1,1
Lê Trọng Tấn,Dương Nội,Hà Đông,100,18,4,,
Hoàng Ngân,Trung Hòa,Cầu Giấy,70,23,5,9,5
Văn Phú,Phú La,Hà Đông,75,14,4,5,
Nguyễn Chánh,Trung Hòa,Cầu Giấy,75,40,4,4,6
Nguyễn Chánh,Trung Hòa,Cầu Giấy,75,45,4,5,5
Trần Quý Cáp,Văn Chương,Đống Đa,30,,,3,4
Nguyễn Xiển,Đại Kim,Hoàng Mai,75,28,5,5,4
Lê Trọng Tấn,Phú La,Hà Đông,90,20,5,6,4
Tam Trinh,Hoàng Văn Thụ,Hoàng Mai,70,20,4,,
Nghiêm Xuân Yêm,Đại Kim,Hoàng Mai,75,25,5,5,6
Phạm Hùng,Yên Hòa,Cầu Giấy,90,50,4,4,4
Nguyễn Thị Định,Trung Hòa,Cầu Giấy,120,36,3,5,3
Lạc Long Quân,Xuân La,Tây Hồ,50,32,6,6,5
Trung Hòa,Trung Hòa,Cầu Giấy,95,70,7,7,6
Hoàng Tăng Bí,Đông Ngạc,Bắc Từ Liêm,60,10,4,4,3
Cầu Giấy,Quan Hoa,Cầu Giấy,100,48,3,,
Đội Cấn,Vĩnh Phúc,Ba Đình,90,39,,,
Trung Yên,Trung Hòa,Cầu Giấy,100,28,3,,
Phúc Diễn,Xuân Phương,Nam Từ Liêm,70,13,2,4,3
Nguyễn Tuân,Nhân Chính,Thanh Xuân,210,65,4,5,5
Nguyễn Thị Định,Trung Hòa,Cầu Giấy,80,38,5,7,6
Nguyễn Văn Huyên,Dịch Vọng,Cầu Giấy,65,35,6,8,7
Lê Trọng Tấn,Khương Trung,Thanh Xuân,75,20,4,5,6
Nguyễn Thị Định,Trung Hòa,Cầu Giấy,50,30,7,7,7
Hoàng Hoa Thám,Thụy Khuê,Tây Hồ,40,9,3,4,2
Nguyên Hồng,Láng Hạ,Đống Đa,80,110,9,,
Nguyên Hồng,Láng Hạ,Đống Đa,86,90,8,,
Kim Mã,Ngọc Khánh,Ba Đình,350,100,3,,
Trương Định,Thịnh Liệt,Hoàng Mai,35,12,4,4,3
Đội Cấn,Đội Cấn,Ba Đình,35,4.5,,,
Trường Chinh,Thượng Đình,Thanh Xuân,60,12,3,3,3
Đội Cấn,Đội Cấn,Ba Đình,60,12,2,,
Xuân Đỉnh,Xuân Đỉnh,Bắc Từ Liêm,40,12.5,4,4,3
Xuân Diệu,Quảng An,Tây Hồ,70,23,5,4,5
Lê Trọng Tấn,Dương Nội,Hà Đông,80,16,,,
Lê Trọng Tấn,Dương Nội,Hà Đông,300,30,4,4,4
Lê Trọng Tấn,Dương Nội,Hà Đông,200,25,4,4,4
Khương Hạ,Khương Đình,Thanh Xuân,45,15,4,6,3
Vĩnh Hưng,Vĩnh Hưng,Hoàng Mai,82,10,,,
Lương Thế Vinh,Mễ Trì,Nam Từ Liêm,80,15,,,
Đồng Me,Mễ Trì,Nam Từ Liêm,65,22,4,,
Lạc Long Quân,Xuân La,Tây Hồ,58,33,6,,
Hoàng Ngân,Trung Hòa,Cầu Giấy,75,23,5,,
Nguyễn Thị Định,Trung Hòa,Cầu Giấy,65,47,6,,
Phạm Tuấn Tài,Mai Dịch,Cầu Giấy,40,16,5,,
Hoàng Ngân,Trung Hòa,Cầu Giấy,75,28,5,6,
Tứ Liên,Tứ Liên,Tây Hồ,100,20,4,4,4
Tô Ngọc Vân,Quảng An,Tây Hồ,300,80,4,6,6
Tô Ngọc Vân,Quảng An,Tây Hồ,300,58,3,5,5
Âu Cơ,Tứ Liên,Tây Hồ,55,60,6,,
Lưu Hữu Phước,Mỹ Đình 2,Nam Từ Liêm,70,25,5,5,5
Lạc Trung,Thanh Lương,Hai Bà Trưng,80,22,5,6,4
Văn Khê,La Khê,Hà Đông,85,17,4,6,4
Ngô Gia Tự,Việt Hưng,Long Biên,40,8,3,3,2
Nam Dư,Lĩnh Nam,Hoàng Mai,30,12,5,3,4
Lạc Long Quân,Xuân La,Tây Hồ,35,12,4,3,3
3,Đông Anh,Đông Anh,70,8,4,3,4
Hoàng Cầu,Ô Chợ Dừa,Đống Đa,47,15,4,4,3
70A,Tả Thanh Oai,Thanh Trì,35,6,4,4,3
Nguyễn Tuân,Nhân Chính,Thanh Xuân,150,55,5,6,
Nghiêm Xuân Yêm,Đại Kim,Hoàng Mai,230,150,5,,
Nghiêm Xuân Yêm,Đại Kim,Hoàng Mai,120,40,5,5,6
Nguyễn Văn Huyên,Nghĩa Đô,Cầu Giấy,50,35,5,6,5
Nguyễn Hoàng,Mỹ Đình 1,Nam Từ Liêm,120,120,6,,
Võng Thị,Bưởi,Tây Hồ,180,25,4,4,4
Hàm Nghi,Cầu Diễn,Nam Từ Liêm,95,50,,,
Nghiêm Xuân Yêm,Đại Kim,Hoàng Mai,90,38,5,5,5
Kim Đồng,Giáp Bát,Hoàng Mai,100,50,7,,
Nguyễn Trãi,Nguyễn Trãi,Hà Đông,40,10,4,,
Trần Quang Diệu,Ô Chợ Dừa,Đống Đa,35,18,5,4,3
Bùi Xương Trạch,Kim Giang,Thanh Xuân,62,7,3,4,5
Nguyễn Ngọc Nại,Khương Mai,Thanh Xuân,60,13.5,4,4,3
Quang Trung,Hà Cầu,Hà Đông,40,10,,,
Quang Trung,Phú La,Hà Đông,50,20,,,
Trung Liệt,Trung Liệt,Đống Đa,45,,1,,
Cổ Linh,Thạch Bàn,Long Biên,46,12.5,4,3,4
Phú Viên,Bồ Đề,Long Biên,80,12.5,4,5,3
Ngọc Thụy,Ngọc Thụy,Long Biên,75,12.5,5,4,4
Triều Khúc,Thanh Xuân Nam,Thanh Xuân,45,15,,,
Hoàng Văn Thái,Khương Trung,Thanh Xuân,45,15,3,3,3
Ô Chợ Dừa,Cát Linh,Đống Đa,40,10,4,4,4
Nguyễn Xiển,Hạ Đình,Thanh Xuân,100,45,5,5,5
Phạm Tuấn Tài,Cổ Nhuế 1,Bắc Từ Liêm,75,12,2,1,1
Phan Phù Tiên,Cát Linh,Đống Đa,40,27,6,4,5
Xuân Thủy,Dịch Vọng Hậu,Cầu Giấy,45,22,5,4,4
Hoàng Văn Thái,Khương Trung,Thanh Xuân,45,15,3,3,3
Giải Phóng,Giáp Bát,Hoàng Mai,60,15,4,4,3
Lê Trọng Tấn,Dương Nội,Hà Đông,80,5,,,
Lê Trọng Tấn,An Khánh,Hoài Đức,120,6,,,
Liễu Giai,Cống Vị,Ba Đình,85,30,6,,
Mỹ Đình 1,Mỹ Đình 1,Nam Từ Liêm,43,11,4,5,4
Xuân Đỉnh,Cổ Nhuế 2,Bắc Từ Liêm,60,6,1,1,1
Hoàng Quốc Việt,Nghĩa Tân,Cầu Giấy,60,20,4,,
Đặng Thai Mai,Quảng An,Tây Hồ,100,27,4,4,4
Tứ Liên,Tứ Liên,Tây Hồ,100,20,5,4,4
Trần Duy Hưng,Trung Hòa,Cầu Giấy,40,13,5,3,3
Từ Hoa,Quảng An,Tây Hồ,100,20,5,4,5
Âu Cơ,Nhật Tân,Tây Hồ,150,30,5,5,5
Xuân Đỉnh,Xuân Đỉnh,Bắc Từ Liêm,40,11,4,3,4
Đại lộ Thăng Long,An Khánh,Hoài Đức,330,16,5,6,
Phạm Văn Đồng,Dịch Vọng,Cầu Giấy,48,15,,,
Nguyễn Chánh,Trung Hòa,Cầu Giấy,85,50,4,6,4
Trần Quốc Hoàn,Dịch Vọng Hậu,Cầu Giấy,45,20,6,3,
Cổ Linh,Long Biên,Long Biên,80,30,5,4,3
Tố Hữu,Vạn Phúc,Hà Đông,200,90,6,6,6
Nguyễn Xiển,Thanh Xuân Nam,Thanh Xuân,156,120,7,10,7
Kim Giang,Đại Kim,Hoàng Mai,42,2.6,1,1,1
Nguyễn Trãi,Thanh Xuân Trung,Thanh Xuân,65,15,,,
Nguyễn Tuân,Nhân Chính,Thanh Xuân,80,22,5,,
Từ Hoa,Quảng An,Tây Hồ,80,26,3,3,2
Xuân Đỉnh,Xuân Đỉnh,Bắc Từ Liêm,50,18,4,4,3
Nguyễn Chí Thanh,Láng Thượng,Đống Đa,56,17,1,5,4
Hoàng Văn Thái,Khương Trung,Thanh Xuân,67,17,,,
Bùi Xương Trạch,Khương Đình,Thanh Xuân,40,10,4,4,3
Định Công,Định Công,Hoàng Mai,58,30,4,,
Nguyễn Thị Thập,Trung Hòa,Cầu Giấy,100,45,6,,
Cổ Linh,Thạch Bàn,Long Biên,44,7,4,4,3
Đại Mỗ,Đại Mỗ,Nam Từ Liêm,105,30,5,8,5
Đỗ Đức Dục,Mễ Trì,Nam Từ Liêm,70,30,5,7,5
Võ Chí Công,Bưởi,Tây Hồ,80,49,6,6,6
Xuân La,Xuân La,Tây Hồ,100,55,7,7,7
Âu Cơ,Nhật Tân,Tây Hồ,100,47,5,5,5
Tứ Liên,Tứ Liên,Tây Hồ,140,22,3,4,2
Trần Duy Hưng,Trung Hòa,Cầu Giấy,55,27,,,
Ngọc Hà,Ngọc Hà,Ba Đình,60,18,,,
Từ Hoa,Quảng An,Tây Hồ,200,46,3,4,5
Nghiêm Xuân Yêm,Đại Kim,Hoàng Mai,75,28,5,5,4
Lạc Trung,Thanh Lương,Hai Bà Trưng,50,16,3,3,3
Hoàng Tích Trí,Kim Liên,Đống Đa,40,13,3,3,3
Dã Tượng,Trần Hưng Đạo,Hoàn Kiếm,13,7.5,4,4,4
Minh Khai,Minh Khai,Hai Bà Trưng,50,18,4,4,4
Hàng Bồ,Hàng Bồ,Hoàn Kiếm,24,7.5,4,2,
Thể Giao,Lê Đại Hành,Hai Bà Trưng,45,15,5,5,5
Ngọc Hà,Ngọc Hà,Ba Đình,60,18,4,4,4
Nguyễn Hoàng,Mỹ Đình 2,Nam Từ Liêm,150,120,6,,
Phạm Ngũ Lão,Phan Chu Trinh,Hoàn Kiếm,50,16,4,,4
Điện Biên Phủ,Điện Biên,Ba Đình,30,14,4,,3
Linh Lang,Cống Vị,Ba Đình,40,30,,,
32,Cầu Diễn,Nam Từ Liêm,120,12,10,10,11
Tố Hữu,Vạn Phúc,Hà Đông,55,14,4,3,4
Nguyễn Thị Định,Trung Hòa,Cầu Giấy,55,27,5,7,5
Hoàng Quốc Việt,Nghĩa Đô,Cầu Giấy,30,5,1,1,1
Lĩnh Nam,Mai Động,Hoàng Mai,70,17,4,5,4
Nguyễn Cảnh Dị,Đại Kim,Hoàng Mai,54,13,5,6,
Tây Kết,Bạch Đằng,Hai Bà Trưng,50,27,6,4,5
Nguyễn Sơn,Gia Thụy,Long Biên,55,13,3,4,3
Phạm Khắc Quảng,Giang Biên,Long Biên,75,10,4,5,
Trần Thánh Tông,Bạch Đằng,Hai Bà Trưng,70,16,2,3,2
Trần Thánh Tông,Trần Hưng Đạo,Hoàn Kiếm,70,16,2,3,2
Nguyễn Văn Cừ,Ngọc Lâm,Long Biên,50,13,3,4,3
Hoàng Hoa Thám,Ngọc Hà,Ba Đình,70,12,,,
Đội Cấn,Liễu Giai,Ba Đình,105,20,4,,
Ngọc Hà,Kim Mã,Ba Đình,55,14,,,
Hoàng Cầu,Ô Chợ Dừa,Đống Đa,50,13,,,
Nam Trung Yên,Trung Hòa,Cầu Giấy,75,48,5,5,4
Chùa Bộc,Quang Trung,Đống Đa,160,30,4,4,3
Trần Nhân Tông,Bùi Thị Xuân,Hai Bà Trưng,16,15,,,
Kim Mã,Kim Mã,Ba Đình,60,15,4,,
Hoàng Quốc Việt,Nghĩa Đô,Cầu Giấy,50,16,4,,
Trần Cung,Nghĩa Tân,Cầu Giấy,55,9.5,3,3,
Quán Thánh,Trúc Bạch,Ba Đình,150,55,6,,
Nguyễn Thị Định,Nhân Chính,Thanh Xuân,90,26,,,
Nghĩa Tân,Nghĩa Tân,Cầu Giấy,50,12,4,4,3
Nguyễn Xiển,Đại Kim,Hoàng Mai,75,27,5,5,5
Nguyễn Xiển,Đại Kim,Hoàng Mai,120,40,5,7,5
Nguyễn Xiển,Đại Kim,Hoàng Mai,120,22,1,,1
Nguyễn Xiển,Đại Kim,Hoàng Mai,75,10,1,,1
Thái Hà,Trung Liệt,Đống Đa,50,25,4,,
Linh Lang,Cống Vị,Ba Đình,45,28,,,
Linh Lang,Cống Vị,Ba Đình,40,26,,,
Thái Thịnh,Trung Liệt,Đống Đa,75,28,3,,
Nguyên Hồng,Láng Hạ,Đống Đa,80,50,5,,
Việt Hưng,Phúc Đồng,Long Biên,300,50,4,2,3
Đại La,Trương Định,Hai Bà Trưng,40,8,3,2,2
Phạm Văn Đồng,Cổ Nhuế 2,Bắc Từ Liêm,50,16.5,,6,4
Vĩnh Tuy,Vĩnh Tuy,Hai Bà Trưng,50,10,3,3,2
Trương Định,Thịnh Liệt,Hoàng Mai,70,16.5,4,5,2
Hạ Đình,Hạ Đình,Thanh Xuân,35,15,4,3,4
Lò Đúc,Phạm Đình Hổ,Hai Bà Trưng,52,12.5,5,5,4
Thanh Nhàn,Quỳnh Lôi,Hai Bà Trưng,180,35,3,,3
Chùa Bộc,Trung Liệt,Đống Đa,45,13,4,4,3
Hào Nam,Ô Chợ Dừa,Đống Đa,40,21,6,,
Xuân Diệu,Quảng An,Tây Hồ,55,18,6,4,
Kim Mã,Ngọc Khánh,Ba Đình,300,20,4,4,4
Hàm Nghi,Cầu Diễn,Nam Từ Liêm,93,50,5,5,5
Kim Mã,Kim Mã,Ba Đình,80,40,4,2,5
Nguyễn Văn Cừ,Bồ Đề,Long Biên,38,12,5,3,3
Nguyễn Khang,Yên Hòa,Cầu Giấy,50,12,3,3,2
Tố Hữu,Dương Nội,Hà Đông,200,45,3,4,4
Võ Văn Dũng,Ô Chợ Dừa,Đống Đa,75,28,4,8,4
Khương Trung,Khương Đình,Thanh Xuân,47,17,4,4,3
Cổ Điển A,Tứ Hiệp,Thanh Trì,50,5,2,2,2
Nguyễn Văn Cừ,Gia Thụy,Long Biên,75,20,5,4,
Đỗ Đức Dục,Mễ Trì,Nam Từ Liêm,75,29,5,7,4
Lưu Hữu Phước,Mỹ Đình 1,Nam Từ Liêm,70,21,,,
Đỗ Đức Dục,Trung Văn,Nam Từ Liêm,80,28,,,
Trần Cung,Cổ Nhuế 1,Bắc Từ Liêm,50,9.5,3,3,2
Kim Đồng,Giáp Bát,Hoàng Mai,62,15,4,3,3
Hào Nam,Ô Chợ Dừa,Đống Đa,50,20,5,3,4
Khương Hạ,Khương Đình,Thanh Xuân,60,15,,,
Tô Ngọc Vân,Quảng An,Tây Hồ,500,598,7,48,60
An Dương,Quảng An,Tây Hồ,100,20,5,6,6
Nghi Tàm,Tứ Liên,Tây Hồ,150,17,3,6,6
Đặng Thai Mai,Quảng An,Tây Hồ,100,30,5,4,4
Tô Ngọc Vân,Quảng An,Tây Hồ,100,15,5,4,5
Tứ Liên,Tứ Liên,Tây Hồ,70,15,5,4,4
Tô Ngọc Vân,Quảng An,Tây Hồ,300,46,4,4,5
Tứ Liên,Tứ Liên,Tây Hồ,150,25,3,3,4
Tam Trinh,Hoàng Văn Thụ,Hoàng Mai,50,12,4,6,4
Nguyễn Hoàng,Mỹ Đình 2,Nam Từ Liêm,80,33,5,,
Nguyễn Xiển,Thanh Xuân Bắc,Thanh Xuân,45,15,3,,
Nguyên Hồng,Láng Hạ,Đống Đa,90,100,6,,
Tứ Liên,Tứ Liên,Tây Hồ,50,10,5,3,4
Xuân Đỉnh,Cổ Nhuế 1,Bắc Từ Liêm,124,36,,,
Thịnh Quang,Thịnh Quang,Đống Đa,55,29,5,7,5
Trần Duy Hưng,Trung Hòa,Cầu Giấy,46,13,5,3,4
Hoàng Quốc Việt,Trung Hòa,Cầu Giấy,45,18,5,,
Trần Cung,Nghĩa Đô,Cầu Giấy,50,9.5,3,3,2
Lĩnh Nam,Lĩnh Nam,Hoàng Mai,80,20,4,4,4
Nguyễn Văn Huyên,Quan Hoa,Cầu Giấy,75,12,3,,
Trần Duy Hưng,Trung Hòa,Cầu Giấy,90,35,3,,
Đặng Văn Ngữ,Nam Đồng,Đống Đa,70,33,5,5,4
Nguyễn Hoàng,Mỹ Đình 2,Nam Từ Liêm,45,30,7,7,6
Trung Kính,Trung Hòa,Cầu Giấy,60,26,5,,
Phương Canh,Phương Canh,Nam Từ Liêm,95,14,4,4,4
Quán Thánh,Quán Thánh,Ba Đình,150,55,6,4,5
Phương Canh,Phương Canh,Nam Từ Liêm,95,14,4,4,3
Sơn Tây,Điện Biên,Ba Đình,30,11,4,4,3
Võ Chí Công,Phú Thượng,Tây Hồ,55,17,5,4,4
Tả Thanh Oai,Tả Thanh Oai,Thanh Trì,70,4,2,2,1
Nguyễn Trãi,Thanh Xuân Bắc,Thanh Xuân,50,15,,,
Khương Đình,Khương Đình,Thanh Xuân,55,25,,,
Tô Hiệu,Nghĩa Tân,Cầu Giấy,50,18.5,4,,
Nguyễn Chánh,Yên Hòa,Cầu Giấy,75,45.5,,,
Nguyễn Tuân,Thanh Xuân Trung,Thanh Xuân,100,65,,,
Minh Khai,Thanh Lương,Hai Bà Trưng,100,45,6,9,
Xuân Đỉnh,Xuân Đỉnh,Bắc Từ Liêm,240,45,3,6,5
Nguyễn Chánh,Trung Hòa,Cầu Giấy,75,50,5,5,
Mễ Trì Thượng,Mễ Trì,Nam Từ Liêm,125,45,4,,
Nguyễn Chánh,Trung Hòa,Cầu Giấy,55,28,5,6,
Dương Khuê,Mai Dịch,Cầu Giấy,75,35,5,6,4
Thụy Khuê,Bưởi,Tây Hồ,35,12,5,4,4
Trần Phú,Nguyễn Trãi,Hà Đông,52,15,,5,4
Tố Hữu,La Khê,Hà Đông,83,18,4,5,5
Lê Trọng Tấn,Phú La,Hà Đông,300,32,,,3
Vạn Phúc,Vạn Phúc,Hà Đông,50,26,5,5,5
Hoàng Cầu,Ô Chợ Dừa,Đống Đa,70,20,5,,
Nghĩa Dũng,Phúc Xá,Ba Đình,30,7,,,
Lê Văn Lương,Nhân Chính,Thanh Xuân,180,38,,,
Ngọc Thụy,Ngọc Thụy,Long Biên,45,11,4,3,3
Nguyễn Ngọc Nại,Khương Mai,Thanh Xuân,38,13,5,4,4
Hàng Bông,Hàng Bông,Hoàn Kiếm,70,25,5,4,5
Hoàng Cầu,Trung Liệt,Đống Đa,54,15,4,6,4
Tố Hữu,Vạn Phúc,Hà Đông,90,40,5,8,6
Tố Hữu,Vạn Phúc,Hà Đông,90,45,5,5,5
Tố Hữu,Vạn Phúc,Hà Đông,80,25,5,5,5
Nguyễn Khuyến,Văn Quán,Hà Đông,96,18,4,5,4
Văn Quán,Văn Quán,Hà Đông,90,20,4,4,6
Nguyễn Chánh,Trung Hòa,Cầu Giấy,75,40,4,6,5
Nguyễn Khuyến,Văn Quán,Hà Đông,80,18,4,6,4
Nguyễn Khuyến,Văn Quán,Hà Đông,80,18,4,6,4
Phan Chu Trinh,Phan Chu Trinh,Hoàn Kiếm,70,35,5,5,5
Khuất Duy Tiến,Nhân Chính,Thanh Xuân,150,50,5,6,5
Nguyễn Trãi,Thanh Xuân Trung,Thanh Xuân,98,5,4,2,3
Trần Khát Chân,Đồng Nhân,Hai Bà Trưng,22,7,4,3,4
Nguyễn Khang,Trung Hòa,Cầu Giấy,65,40,5,,
Ngọc Thụy,Ngọc Thụy,Long Biên,50,15,4,3,3
Giải Phóng,Tân Mai,Hoàng Mai,30,4.5,3,2,3
Nguyễn Xiển,Khương Trung,Thanh Xuân,55,7,3,3,
Yên Xá,Tân Triều,Thanh Trì,100,6,4,,
Tố Hữu,Dương Nội,Hà Đông,198,35,4,6,6
Giảng Võ,Láng Hạ,Đống Đa,90,30,6,5,5
Âu Cơ,Phú Thượng,Tây Hồ,80,15,,3,2
Nguyễn Khang,Yên Hòa,Cầu Giấy,50,12,3,3,2
Phạm Ngũ Lão,Phan Chu Trinh,Hoàn Kiếm,50,16,4,3,3
Hoàng Hoa Thám,Ngọc Hà,Ba Đình,40,17,5,,
Bằng A,Hoàng Liệt,Hoàng Mai,45,7.5,4,5,2
Lê Trọng Tấn,Dương Nội,Hà Đông,80,16,4,,
Lê Trọng Tấn,Dương Nội,Hà Đông,80,5,4,,
Vân Trì,Vân Nội,Đông Anh,60,7,2,2,2
Tây Kết,Bạch Đằng,Hai Bà Trưng,50,29,6,6,6
Đoàn Thị Điểm,Cát Linh,Đống Đa,17,4.6,,,
Tô Ngọc Vân,Quảng An,Tây Hồ,300,276,7,18,20
Hoàng Mai,Hoàng Văn Thụ,Hoàng Mai,32,8,4,2,2
Lạc Long Quân,Phú Thượng,Tây Hồ,500,,,5,6
Lưu Hữu Phước,Mỹ Đình 2,Nam Từ Liêm,180,30,4,5,4
Lạc Long Quân,Xuân La,Tây Hồ,450,,,3,
Nghĩa Tân,Nghĩa Tân,Cầu Giấy,50,18,,,
Trung Kính,Yên Hòa,Cầu Giấy,60,26,,,
Hoàng Cầu,Ô Chợ Dừa,Đống Đa,80,50,4,,
Lê Trọng Tấn,Phú La,Hà Đông,90,18,,,7
Hào Nam,Ô Chợ Dừa,Đống Đa,50,18,5,,
Thái Hà,Trung Liệt,Đống Đa,50,30,7,,
Hoàng Cầu,Ô Chợ Dừa,Đống Đa,70,25,7,,
Văn Cao,Liễu Giai,Ba Đình,70,20,6,5,5
Thanh Lãm,Phú Lãm,Hà Đông,54,3.3,1,3,1
Nguyễn Xiển,Đại Kim,Hoàng Mai,90,35,5,,
Đội Cấn,Đội Cấn,Ba Đình,85,40,4,,
Lưu Hữu Phước,Mỹ Đình 1,Nam Từ Liêm,110,50,4,6,4
Nguyễn Trãi,Hạ Đình,Thanh Xuân,50,10,,4,3
Nghiêm Xuân Yêm,Đại Kim,Hoàng Mai,60,15,1,2,1
Đồng Me,Mễ Trì,Nam Từ Liêm,50,27,6,6,6
Lý Nam Đế,Hàng Mã,Hoàn Kiếm,20,7.5,4,2,2
Vũ Xuân Thiều,Sài Đồng,Long Biên,40,2.5,,,
Lưu Hữu Phước,Mỹ Đình 1,Nam Từ Liêm,70,21,5,5,
Đặng Văn Ngữ,Kim Liên,Đống Đa,35,8,4,3,3
Định Công,Định Công,Hoàng Mai,75,12,4,,
Khuất Duy Tiến,Thanh Xuân Nam,Thanh Xuân,50,9,3,4,
Đỗ Quang,Trung Hòa,Cầu Giấy,70,22,5,9,5
Văn Khê,La Khê,Hà Đông,83,20,4,,
Kim Ngưu,Vĩnh Tuy,Hai Bà Trưng,47,8.5,3,2,3
Âu Cơ,Nhật Tân,Tây Hồ,50,15,5,4,5
Tân Triều,Tân Triều,Thanh Trì,35,7,3,2,2
Tố Hữu,Vạn Phúc,Hà Đông,102,45,5,5,5
Nguyễn Văn Huyên,Trung Hòa,Cầu Giấy,35,23,5,,
Nguyễn Xiển,Hạ Đình,Thanh Xuân,60,45,7,7,7
Nguyễn Khang,Yên Hòa,Cầu Giấy,100,90,6,6,6
Nguyễn Xiển,Thanh Xuân Nam,Thanh Xuân,160,120,7,8,7
Nguyễn Khuyến,Văn Quán,Hà Đông,80,19,4,6,4
Đức Giang,Đức Giang,Long Biên,110,12,3,4,3
Nguyễn Lam,Phúc Đồng,Long Biên,60,9,3,6,3
Đội Cấn,Đội Cấn,Ba Đình,80,16,4,4,3
Văn Quán,Văn Quán,Hà Đông,75,19,4,,
Hoàng Cầu,Ô Chợ Dừa,Đống Đa,75,35,6,5,5
Mỹ Đình,Mỹ Đình 1,Nam Từ Liêm,54,19,5,6,4
Định Công Thượng,Định Công,Hoàng Mai,50,12,4,4,3
Đức Giang,Đức Giang,Long Biên,110,12,3,4,3
Lê Trọng Tấn,Dương Nội,Hà Đông,120,20,,,
Lê Trọng Tấn,Dương Nội,Hà Đông,108,17,4,,
Lê Trọng Tấn,Dương Nội,Hà Đông,80,6,,,
Lê Trọng Tấn,Dương Nội,Hà Đông,120,11,,,
Phạm Văn Đồng,Cổ Nhuế 1,Bắc Từ Liêm,80,12,1,1,1
Bùi Ngọc Dương,Thanh Nhàn,Hai Bà Trưng,100,7.5,,3,1
Phương Canh,Xuân Phương,Nam Từ Liêm,40,3.5,,1,1
Đặng Văn Ngữ,Phương Liên,Đống Đa,48,70,8,,
Tố Hữu,La Khê,Hà Đông,82,18,4,5,5
Tố Hữu,Dương Nội,Hà Đông,198,25,4,4,
Nguyễn Thị Thập,Nhân Chính,Thanh Xuân,80,45,4,7,4
Trần Cung,Cổ Nhuế 1,Bắc Từ Liêm,50,9.5,3,3,2
Quan Nhân,Nhân Chính,Thanh Xuân,35,16,5,3,4
Vạn Phúc,Vạn Phúc,Hà Đông,83,35,5,8,5
Phạm Văn Đồng,Mai Dịch,Cầu Giấy,80,10,,,
Trần Quốc Hoàn,Dịch Vọng Hậu,Cầu Giấy,55,23,5,7,
Tân Thụy,Phúc Đồng,Long Biên,30,7,5,3,4
Ngọc Thụy,Phúc Đồng,Long Biên,120,12,3,5,3
La Thành,Giảng Võ,Ba Đình,70,19,4,5,4
Nguyễn Văn Tuyết,Ngã Tư Sở,Đống Đa,45,35,5,5,3
Hàm Nghi,Cầu Diễn,Nam Từ Liêm,93,18,,,
Mễ Trì,Mễ Trì,Nam Từ Liêm,60,27,,,
Tây Sơn,Quang Trung,Đống Đa,32,10,3,2,3
Nguyễn Khuyến,Văn Miếu,Đống Đa,35,12,3,3,3
Nguyên Hồng,Láng Hạ,Đống Đa,48,22,3,4,
Định Công,Định Công,Hoàng Mai,55,25,4,,
Trương Định,Giáp Bát,Hoàng Mai,170,33,3,,
An Dương,Yên Phụ,Tây Hồ,80,28,4,4,4
Nguyễn Thanh Bình,La Khê,Hà Đông,65,46,6,5,4
Hoàng Quốc Việt,Nghĩa Tân,Cầu Giấy,90,30,,,
Nguyễn Văn Huyên,Dịch Vọng,Cầu Giấy,70,45,6,,
Đông Quan,Quan Hoa,Cầu Giấy,70,20,,,
Hoàng Quốc Việt,Nghĩa Tân,Cầu Giấy,60,25,5,,
Tây Hồ,Quảng An,Tây Hồ,100,,3,,
Nguyễn Trãi,Thanh Xuân Bắc,Thanh Xuân,60,15,4,,
Ngọc Thụy,Ngọc Thụy,Long Biên,150,25,1,3,2
Trần Duy Hưng,Trung Hòa,Cầu Giấy,60,24,6,,
Cầu Giấy,Quan Hoa,Cầu Giấy,50,38,7,7,7
Hoàng Cầu,Ô Chợ Dừa,Đống Đa,47.5,15,3,3,3
Phố Huế,Phố Huế,Hai Bà Trưng,30,9,5,3,4
Thể Giao,Lê Đại Hành,Hai Bà Trưng,42,15,5,,
Nguyễn Hoàng,Mai Dịch,Cầu Giấy,75,43,7,,
Nguyễn Văn Lộc,Mỗ Lao,Hà Đông,50,20,6,,
Quan Nhân,Nhân Chính,Thanh Xuân,80,60,5,,
Linh Lang,Cống Vị,Ba Đình,100,25,3,4,2
Hoàng Hoa Thám,Liễu Giai,Ba Đình,40,18.5,5,,
Thái Thịnh,Thịnh Quang,Đống Đa,55,25,5,7,
Trần Duy Hưng,Trung Hòa,Cầu Giấy,60,22,5,5,4
Trần Duy Hưng,Trung Hòa,Cầu Giấy,100,50,2,,
Bạch Mai,Bạch Mai,Hai Bà Trưng,42,9.5,3,3,
Xuân Thủy,Dịch Vọng Hậu,Cầu Giấy,150,120,6,6,6
Văn Phú,Phúc La,Hà Đông,75,15,,,
Hoàng Hoa Thám,Vĩnh Phúc,Ba Đình,35,7.5,4,3,
Nguyễn Lân,Phương Liệt,Thanh Xuân,54,14,4,5,4
Trần Cung,Cổ Nhuế 1,Bắc Từ Liêm,50,9.5,5,3,
Nguyễn Thị Định,Trung Hòa,Cầu Giấy,55,20,5,,
Thái Hà,Ngã Tư Sở,Đống Đa,115,70,2,2,2
Phú Viên,Bồ Đề,Long Biên,40,14,5,5,4
Tây Sơn,Ô Chợ Dừa,Đống Đa,32,9,4,2,3
Võ Chí Công,Xuân La,Tây Hồ,580,80,2,,
Tố Hữu,Vạn Phúc,Hà Đông,91,50,6,,
Định Công,Định Công,Hoàng Mai,75,12,4,3,3
Nguyên Hồng,Láng Hạ,Đống Đa,45,17,5,4,4
Thụy Khuê,Thụy Khuê,Tây Hồ,120,,4,4,4
Hồ Tùng Mậu,Mai Dịch,Cầu Giấy,60,15,4,5,3
Hoàng Minh Đạo,Gia Thụy,Long Biên,45,11,4,4,4
Vĩnh Hưng,Vĩnh Hưng,Hoàng Mai,45,15,5,3,4
Thành Công,Thành Công,Ba Đình,42,11,4,,
Ô Cách,Việt Hưng,Long Biên,36,6,4,4,3
Trạm,Long Biên,Long Biên,60,12.5,4,4,4
Nguyễn Khuyến,Văn Miếu,Đống Đa,157,12,4,3,3
Tố Hữu,Dương Nội,Hà Đông,180,12,4,,
Xuân Diệu,Yên Phụ,Tây Hồ,32,19,6,3,4
Hàm Nghi,Cầu Diễn,Nam Từ Liêm,95,50,,,
Nguyễn Văn Huyên,Nghĩa Đô,Cầu Giấy,60,35,6,4,5
Hoa Sữa,Việt Hưng,Long Biên,201,39,3,4,4
Cát Linh,Cát Linh,Đống Đa,20,5,4,2,3
Hàm Nghi,Mỹ Đình 1,Nam Từ Liêm,90,70,,,
Văn Quán,Văn Quán,Hà Đông,50,5,2,2,2
Hào Nam,Cát Linh,Đống Đa,55,15,5,6,4
Khâm Thiên,Trung Phụng,Đống Đa,38,5.5,4,3,3
Tôn Thất Tùng,Khương Thượng,Đống Đa,40,6.5,3,3,2
Nguyễn Xiển,Thanh Xuân Nam,Thanh Xuân,55,25,4,8,4
Lạc Long Quân,Thụy Khuê,Tây Hồ,35,12,4,3,3
Yên Xá,Tân Triều,Thanh Trì,60,5,4,,
Dương Khuê,Mỹ Đình 1,Nam Từ Liêm,80,35,,,
Liễu Giai,Liễu Giai,Ba Đình,70,23,6,,
Trần Duy Hưng,Trung Hòa,Cầu Giấy,95,35,4,5,
Phạm Hùng,Mỹ Đình 2,Nam Từ Liêm,130,80,7,,
Nghĩa Tân,Nghĩa Tân,Cầu Giấy,50,13,4,4,3
Âu Cơ,Nhật Tân,Tây Hồ,25,2.5,1,1,1
Lương Thế Vinh,Trung Văn,Nam Từ Liêm,95,26,5,7,5
Bằng B,Hoàng Liệt,Hoàng Mai,120,25,4,4,3
Linh Đàm,Hoàng Liệt,Hoàng Mai,54,18,4,5,3
Hào Nam,Ô Chợ Dừa,Đống Đa,50,,5,4,
Tố Hữu,Vạn Phúc,Hà Đông,105,50,5,,
Thái Hà,Trung Liệt,Đống Đa,50,17,4,,
Đội Cấn,Đội Cấn,Ba Đình,60,19,,,
Minh Khai,Thanh Lương,Hai Bà Trưng,81,26,4,3,4
Nguyễn Chánh,Trung Hòa,Cầu Giấy,160,180,7,,
Đầm Trấu,Bạch Đằng,Hai Bà Trưng,90,16.5,4,5,3
Trung Văn,Trung Văn,Nam Từ Liêm,28,8,4,2,3
Lê Lai,Hà Cầu,Hà Đông,80,40,7,6,7
Mạc Thái Tổ,Yên Hòa,Cầu Giấy,50,25,5,7,
Hàng Bông,Hàng Bông,Hoàn Kiếm,70,25,5,5,3
Nguyễn Siêu,Hàng Buồm,Hoàn Kiếm,50,16,3,3,3
Trần Quang Diệu,Ô Chợ Dừa,Đống Đa,35,18,4,4,3
Nguyễn Văn Cừ,Ngọc Lâm,Long Biên,90,15,5,6,4
Lê Trọng Tấn,Khương Mai,Thanh Xuân,75,19,4,4,
Khuất Duy Tiến,Nhân Chính,Thanh Xuân,55,15,4,4,
Mạc Thái Tổ,Yên Hòa,Cầu Giấy,68,20,4,6,6
Trần Thái Tông,Dịch Vọng Hậu,Cầu Giấy,65,18,5,7,5
Kẻ Vẽ,Đông Ngạc,Bắc Từ Liêm,100,8,,3,2
Nguyễn Tuân,Thanh Xuân Trung,Thanh Xuân,400,50,4,6,4
Hàm Nghi,Cầu Diễn,Nam Từ Liêm,93,45,,,
Âu Cơ,Nhật Tân,Tây Hồ,95,20,2,2,3
Trương Định,Thịnh Liệt,Hoàng Mai,33,12,4,5,
Đầm Trấu,Bạch Đằng,Hai Bà Trưng,50,18,4,,
Lê Trọng Tấn,Dương Nội,Hà Đông,80,17,4,5,4
Đào Tấn,Cống Vị,Ba Đình,80,20,,,
Hàng Bài,Hàng Bài,Hoàn Kiếm,25,9.9,4,3,3
Đê La Thành,Phương Liên,Đống Đa,30,13,,,
Trần Quang Diệu,Ô Chợ Dừa,Đống Đa,35,18,4,4,2
Nghĩa Tân,Nghĩa Tân,Cầu Giấy,45,18.5,4,3,
Hoàng Cầu,Ô Chợ Dừa,Đống Đa,40,13.5,5,4,4
Thụy Khuê,Thụy Khuê,Tây Hồ,50,,5,6,3
Hoàng Cầu,Ô Chợ Dừa,Đống Đa,50,15,4,6,4
Đồng Me,Mễ Trì,Nam Từ Liêm,50,27,6,7,6
Phạm Ngũ Lão,Phan Chu Trinh,Hoàn Kiếm,55,16,4,,
Tây Mỗ,Tây Mỗ,Nam Từ Liêm,35,8,4,3,4
Nguyễn Chánh,Trung Hòa,Cầu Giấy,50,30,6,6,4
Lê Trọng Tấn,Khương Mai,Thanh Xuân,55,18,5,5,4
Hoàng Hoa Thám,Thụy Khuê,Tây Hồ,35,12,5,,
Nguyễn Đình Chiểu,Lê Đại Hành,Hai Bà Trưng,20,12,5,2,3
Nguyễn Chánh,Trung Hòa,Cầu Giấy,160,150,7,,
Hào Nam,Ô Chợ Dừa,Đống Đa,40,21,5,5,5
Trần Duy Hưng,Trung Hòa,Cầu Giấy,100,33,5,7,4
Võ Chí Công,Bưởi,Tây Hồ,60,18,5,5,5
Trung Kính,Trung Hòa,Cầu Giấy,100,80,7,,
Bồ Đề,Bồ Đề,Long Biên,50,11,4,3,3
Hoàng Cầu,Ô Chợ Dừa,Đống Đa,70,15,5,,
Nguyễn Tuân,Nhân Chính,Thanh Xuân,70,25,4,5,5
Nguyễn Thị Thập,Trung Hòa,Cầu Giấy,90,50,6,6,6
Phạm Văn Đồng,Cổ Nhuế 1,Bắc Từ Liêm,200,60,6,,
Trần Thái Tông,Dịch Vọng,Cầu Giấy,130,150,,,
Lương Thế Vinh,Mễ Trì,Nam Từ Liêm,95,26,5,6,5
Nguyễn Xiển,Hạ Đình,Thanh Xuân,60,5.5,2,2,2
Tô Ngọc Vân,Quảng An,Tây Hồ,200,150,,,
Định Công,Định Công,Hoàng Mai,50,,3,2,2
Nguyễn Xiển,Hạ Đình,Thanh Xuân,55,28,4,6,3
Khuất Duy Tiến,Thanh Xuân Nam,Thanh Xuân,50,9.5,3,4,
Nguyễn Chánh,Yên Hòa,Cầu Giấy,45,30,6,6,5
Chiến Thắng,Văn Quán,Hà Đông,80,22,5,6,5
Lê Đức Thọ,Mỹ Đình 2,Nam Từ Liêm,200,27,4,,
Cầu Diễn,Phú Diễn,Bắc Từ Liêm,60,15,4,5,3
Trung Yên 11,Trung Hòa,Cầu Giấy,85,32,6,,
Hồ Tùng Mậu,Cầu Diễn,Nam Từ Liêm,50,15,4,4,3
Nguyễn Tuân,Thanh Xuân Bắc,Thanh Xuân,155,30,,,
Âu Cơ,Phú Thượng,Tây Hồ,100,39,5,5,
Hồ Tùng Mậu,Cầu Diễn,Nam Từ Liêm,50,15,4,5,
Tam Trinh,Yên Sở,Hoàng Mai,45,7,2,,2
Ba La,Phú La,Hà Đông,55,18,5,5,5
Nguyễn Cơ Thạch,Mễ Trì,Nam Từ Liêm,45,31,6,,
Ngô Thì Nhậm,Hà Cầu,Hà Đông,45,14.5,5,3,4
Hoàng Cầu,Cát Linh,Đống Đa,50,15,4,,
Hào Nam,Ô Chợ Dừa,Đống Đa,45,18,5,,
Nguyễn Hoàng,Mỹ Đình 2,Nam Từ Liêm,65,35,7,,
Mai Động,Mai Động,Hoàng Mai,61,8,3,,
Trung Yên,Trung Hòa,Cầu Giấy,112,55,4,8,5
Nguyên Hồng,Láng Hạ,Đống Đa,100,,4,4,4
Nguyễn Phúc Lai,Ô Chợ Dừa,Đống Đa,28,16,5,4,4
Xuân La,Xuân La,Tây Hồ,50,15,6,,
Nguyễn Văn Huyên,Nghĩa Đô,Cầu Giấy,60,35,6,6,
Nguyễn Tuân,Nhân Chính,Thanh Xuân,100,45,,,
Lê Trọng Tấn,Dương Nội,Hà Đông,75,7,,,
Trương Định,Trương Định,Hai Bà Trưng,130,,6,6,9
Lạc Long Quân,Bưởi,Tây Hồ,38,12,,3,4
Trần Thái Tông,Dịch Vọng,Cầu Giấy,130,150,8,8,8
Mễ Trì Thượng,Mễ Trì,Nam Từ Liêm,120,30,,,
Nguyễn Văn Huyên,Dịch Vọng,Cầu Giấy,60,33,6,,
Trích Sài,Bưởi,Tây Hồ,35,20,5,,5
Trung Kính,Yên Hòa,Cầu Giấy,50,24,5,10,5
Đồng Me,Mễ Trì,Nam Từ Liêm,50,27,6,,
Yên Lạc,Vĩnh Tuy,Hai Bà Trưng,40,10,4,3,3
Trường Chinh,Khương Thượng,Đống Đa,33,7,4,3,3
Trần Khát Chân,Thanh Nhàn,Hai Bà Trưng,50,7,4,3,3
Vĩnh Tuy,Vĩnh Tuy,Hai Bà Trưng,40,3.5,3,2,2
Bùi Xương Trạch,Khương Đình,Thanh Xuân,28,4.5,3,2,2
Minh Khai,Minh Khai,Hai Bà Trưng,33,4.5,3,2,2
Trường Chinh,Khương Thượng,Đống Đa,35,8,4,3,2
Nguyễn Tuân,Thanh Xuân Trung,Thanh Xuân,70,45,5,8,4
Đội Cấn,Đội Cấn,Ba Đình,60,14,4,3,3
Hoa Bằng,Yên Hòa,Cầu Giấy,55,20,4,4,3
Cầu Giấy,Quan Hoa,Cầu Giấy,57,15,1,,1
Trung Kính,Yên Hòa,Cầu Giấy,50,25,5,7,
Trần Duy Hưng,Trung Hòa,Cầu Giấy,75,50,5,5,5
Tố Hữu,Dương Nội,Hà Đông,162,28,3,3,4
Tố Hữu,Dương Nội,Hà Đông,85,40,3,7,4
Trần Kim Xuyến,Yên Hòa,Cầu Giấy,150,45,4,,
Đội Cấn,Đội Cấn,Ba Đình,60,14,3,4,3
Lê Thánh Tông,Phan Chu Trinh,Hoàn Kiếm,50,15,3,,
Đại lộ Thăng Long,An Khánh,Hoài Đức,210,17,,6,
Nguyễn Văn Huyên,Quan Hoa,Cầu Giấy,60,35,6,9,
Kim Mã,Kim Mã,Ba Đình,50,15,,,
Mai Dịch,Mai Dịch,Cầu Giấy,50,18,5,,
Kim Ngưu,Thanh Lương,Hai Bà Trưng,30,10,,,
Hồ Tùng Mậu,Cầu Diễn,Nam Từ Liêm,50,15,,,
Nguyễn Đổng Chi,Cầu Diễn,Nam Từ Liêm,50,15,,,
Võ Chí Công,Xuân La,Tây Hồ,300,,5,,
Cầu Giấy,Quan Hoa,Cầu Giấy,35,12,,3,
Bằng B,Hoàng Liệt,Hoàng Mai,54,6,1,1,1
Xuân La,Xuân La,Tây Hồ,55,14,4,4,3
Lạc Long Quân,Xuân La,Tây Hồ,40,12,4,5,4
Hoàng Quốc Việt,Nghĩa Đô,Cầu Giấy,68,25,5,6,8
Kim Mã,Ngọc Khánh,Ba Đình,45,14,4,4,3
Định Công Hạ,Định Công,Hoàng Mai,50,4,2,2,2
Hàm Nghi,Mỹ Đình 1,Nam Từ Liêm,50,25,5,6,4
Trung Kính,Trung Hòa,Cầu Giấy,60,38,6,,
Thanh Am,Thượng Thanh,Long Biên,70,3.5,1,1,1
Vạn Bảo,Liễu Giai,Ba Đình,80,38,,,
Huỳnh Thúc Kháng,Láng Hạ,Đống Đa,50,20,4,,
Lê Trọng Tấn,La Khê,Hà Đông,120,20,3,4,3
Dương Khuê,Mai Dịch,Cầu Giấy,50,30,7,,
Đội Cấn,Ngọc Hà,Ba Đình,100,18,3,,
Phạm Thận Duật,Mai Dịch,Cầu Giấy,45,18,,,
Nguyễn Tuân,Nhân Chính,Thanh Xuân,200,60,4,4,
Nguyễn Văn Huyên,Dịch Vọng,Cầu Giấy,60,33,6,6,
Nguyễn Thị Thập,Trung Hòa,Cầu Giấy,85,40,5,5,
Trần Duy Hưng,Trung Hòa,Cầu Giấy,40,13,,2,3
Nguyễn Thị Thập,Trung Hòa,Cầu Giấy,90,45,,,
Lê Trọng Tấn,Khương Mai,Thanh Xuân,40,8.5,,,
Lĩnh Nam,Lĩnh Nam,Hoàng Mai,42,4,1,2,1
Lê Quang Đạo,Phú Đô,Nam Từ Liêm,45,14.5,5,,
Hoàng Cầu,Ô Chợ Dừa,Đống Đa,50,19,5,,
Xa La,Phúc La,Hà Đông,80,40,5,5,5
Phố Huế,Phố Huế,Hai Bà Trưng,70,45,5,7,5
Trần Kim Xuyến,Yên Hòa,Cầu Giấy,72,25,5,8,5
Trung Kính,Yên Hòa,Cầu Giấy,76,25,5,,
Nghiêm Xuân Yêm,Đại Kim,Hoàng Mai,82,30,5,6,5
Đội Cấn,Cống Vị,Ba Đình,60,12,3,,
Hoàng Văn Thái,Khương Mai,Thanh Xuân,65,45,7,7,7
Lạc Long Quân,Xuân La,Tây Hồ,126,30,3,4,4
Kim Giang,Thịnh Liệt,Hoàng Mai,60,20,5,8,4
Tố Hữu,Dương Nội,Hà Đông,190,12,,,
Hoa Sữa,Việt Hưng,Long Biên,300,45,4,4,5
Trần Thái Tông,Dịch Vọng,Cầu Giấy,130,160,7,,
An Dương,Yên Phụ,Tây Hồ,94,12,4,3,3
Văn Cao,Liễu Giai,Ba Đình,70,23,6,,
An Dương Vương,Phú Thượng,Tây Hồ,110,8,,2,1
Dương Quang,Dương Quang,Gia Lâm,120,7,1,1,1
Nguyễn Trãi,Khương Đình,Thanh Xuân,50,9.5,4,4,4
Đặng Thai Mai,Quảng An,Tây Hồ,70,18.5,4,4,3
Bồ Đề,Bồ Đề,Long Biên,50,12,4,4,4
Nguyễn Đình Hoàn,Nghĩa Tân,Cầu Giấy,55,20,5,7,4
Tây Hồ,Quảng An,Tây Hồ,150,,3,3,3
Hoàng Văn Thái,Khương Trung,Thanh Xuân,55,18,4,3,3
Xuân Thủy,Dịch Vọng,Cầu Giấy,143,138,6,7,7
Trần Thái Tông,Dịch Vọng Hậu,Cầu Giấy,130,150,7,7,8
Lê Trọng Tấn,Dương Nội,Hà Đông,80,16,,,
Lê Trọng Tấn,Dương Nội,Hà Đông,80,16,4,,
Nguyễn Văn Huyên,Xuân Tảo,Bắc Từ Liêm,200,65,4,4,
Chiến Thắng,Tân Triều,Thanh Trì,60,3,4,,
Vũ Miện,Yên Phụ,Tây Hồ,60,55,7,13,7
Trung Yên 11,Yên Hòa,Cầu Giấy,100,39,5,,
Nguyên Hồng,Láng Hạ,Đống Đa,120,60,5,5,5
Nguyễn Thị Định,Trung Hòa,Cầu Giấy,100,30,5,6,5
Trần Duy Hưng,Trung Hòa,Cầu Giấy,40,13,5,,
Dương Khuê,Mai Dịch,Cầu Giấy,50,19,5,,
Nguyễn Thị Thập,Trung Hòa,Cầu Giấy,85,45,5,7,5
Nghiêm Xuân Yêm,Đại Kim,Hoàng Mai,75,28,5,7,5
Phùng Chí Kiên,Nghĩa Đô,Cầu Giấy,60,11,4,4,4
Hồ Tùng Mậu,Mỹ Đình 1,Nam Từ Liêm,50,30,6,,
Trúc Khê,Láng Hạ,Đống Đa,80,50,5,,
Trần Thái Tông,Dịch Vọng,Cầu Giấy,125,160,6,6,6
Khương Trung,Khương Trung,Thanh Xuân,45,10,4,4,3
Duy Tân,Dịch Vọng Hậu,Cầu Giấy,135,135,7,,
Đầm Trấu,Bạch Đằng,Hai Bà Trưng,50,20,5,6,3
Kim Ngưu,Thanh Lương,Hai Bà Trưng,70,15,4,,
Hoàng Hoa Thám,Ngọc Hà,Ba Đình,40,18,5,4,4
Phạm Văn Đồng,Đông Ngạc,Bắc Từ Liêm,35,8,4,,
Phạm Nhật Duật,Mai Dịch,Cầu Giấy,50,18,5,,
Ngô Gia Tự,Đức Giang,Long Biên,120,12.5,3,4,4
Trung Kính,Yên Hòa,Cầu Giấy,130,75,4,,
Cầu Diễn,Phú Diễn,Bắc Từ Liêm,60,20,5,,
Hàm Nghi,Cầu Diễn,Nam Từ Liêm,95,50,5,7,5
Vạn Phúc,Liễu Giai,Ba Đình,45,42,6,,
Hoàng Quốc Việt,Nghĩa Đô,Cầu Giấy,50,17,5,,
Nhân Mỹ,Mỹ Đình 1,Nam Từ Liêm,45,15,6,4,4
Tây Kết,Bạch Đằng,Hai Bà Trưng,50,30,6,4,5
Hoàng Quốc Việt,Nghĩa Đô,Cầu Giấy,50,17,,,
Đông Các,Phương Mai,Đống Đa,80,40,5,4,5
Đê Trần Khát Chân,Đống Mác,Hai Bà Trưng,100,42,6,7,9
Nguyễn Văn Huyên,Nghĩa Đô,Cầu Giấy,200,65,5,,
Nguyễn Khang,Yên Hòa,Cầu Giấy,45,27,5,,
Nguyệt Quế, Việt Hưng,Long Biên,90,35,4,3,3
Cầu Giấy,Dịch Vọng,Cầu Giấy,100,45,4,4,4
Hồ Đắc Di,Nam Đồng,Đống Đa,70,35,4,,
Xuân Diệu,Tứ Liên,Tây Hồ,30,19,6,3,4
Thái Hà,Trung Liệt,Đống Đa,104,45,4,,4
Văn Cao,Liễu Giai,Ba Đình,70,25,7,6,6
Xuân La,Xuân La,Tây Hồ,50,18,6,4,5
Tô Ngọc Vân,Quảng An,Tây Hồ,150,51.1,3,,
Hữu Hưng,Tây Mỗ,Nam Từ Liêm,100,10,4,,
Tố Hữu,Vạn Phúc,Hà Đông,200,75,5,,
Tố Hữu,Vạn Phúc,Hà Đông,105,50,6,,
Trần Thái Tông,Dịch Vọng,Cầu Giấy,135,165,8,,
Tả Thanh Oai,Tả Thanh Oai,Thanh Trì,35,3.5,,,
Tôn Đức Thắng,Khâm Thiên,Đống Đa,105,20,4,6,4
Đỗ Đức Dục,Mỹ Đình 1,Nam Từ Liêm,130,60,4,8,4
Tô Ngọc Vân,Quảng An,Tây Hồ,82,36,5,4,5
Phú Xá,Phú Thượng,Tây Hồ,140,45,6,6,7
Yên Xá,Tân Triều,Thanh Trì,60,16,4,,
Dương Khuê,Mỹ Đình 2,Nam Từ Liêm,130,120,6,6,6
Dương Khuê,Mỹ Đình 2,Nam Từ Liêm,120,30,4,,
Trần Thái Tông,Dịch Vọng Hậu,Cầu Giấy,145,150,7,,
Trung Yên 6,Trung Hòa,Cầu Giấy,50,18,5,7,5
Minh Khai,Minh Khai,Hai Bà Trưng,80,20,5,6,6
Nguyễn Khuyến,Văn Miếu,Đống Đa,157,12,3,3,3
Lý Thường Kiệt,Phan Chu Trinh,Hoàn Kiếm,45,10,1,1,1
Lê Thánh Tông,Phan Chu Trinh,Hoàn Kiếm,30,12,3,2,3
Bùi Xương Trạch,Thanh Xuân Nam,Thanh Xuân,50,4.5,3,3,2
Văn Cao,Liễu Giai,Ba Đình,70,23,6,8,6
Ngô Thì Nhậm,Hà Cầu,Hà Đông,45,14.5,,,
Xuân La,Xuân La,Tây Hồ,100,55,7,9,8
Hàm Nghi,Mỹ Đình 2,Nam Từ Liêm,95,55,,,
Xuân La,Xuân La,Tây Hồ,50,,6,,
Cao Lỗ,Đông Anh,Đông Anh,110,,1,,
Chùa Liên,Bạch Mai,Hai Bà Trưng,42,4.5,4,2,3
Tây Sơn,Ngã Tư Sở,Đống Đa,26.4,4.5,4,2,2
Yên Lãng,Thịnh Quang,Đống Đa,56,6,3,5,2
Văn Hương,Ô Chợ Dừa,Đống Đa,28,4.3,4,2,3
Quang Minh,Quang Minh,Mê Linh,360,,2,3,2
Nguyên Hồng,Láng Hạ,Đống Đa,80,100,8,,
 Đê Tô Hoàng,Bạch Mai,Hai Bà Trưng,30,4.5,3,2,3
Trung Kính,Yên Hòa,Cầu Giấy,80,38,,,
Hoàng Quốc Việt,Nghĩa Đô,Cầu Giấy,40,30,6,3,3
Thanh Am,Thượng Thanh,Long Biên,450,30,,,
Huỳnh Thúc Kháng,Láng Hạ,Đống Đa,120,45,4,,
Ngô Gia Tự,Đức Giang,Long Biên,72,4.5,1,2,1
Cự Lộc,Thượng Đình,Thanh Xuân,90,60,5,,
Trần Duy Hưng,Trung Hòa,Cầu Giấy,40,15,5,5,4
Trần Hữu Dực,Mỹ Đình 1,Nam Từ Liêm,85,17.5,5,4,3
Lê Quang Đạo,Phú Đô,Nam Từ Liêm,139,120,8,8,8
Nguyệt Quế, Việt Hưng,Long Biên,90,30,3,3,3
Nguyệt Quế, Việt Hưng,Long Biên,90,25,3,3,3
Nguyệt Quế, Việt Hưng,Long Biên,90,25,3,4,3
Trường Chinh,Phương Mai,Đống Đa,30,13,5,3,3
Cầu Bươu,Tân Triều,Thanh Trì,125,23,4,6,4
Trung Kính,Trung Hòa,Cầu Giấy,35,10,4,3,4
Ngụy Như Kon Tum,Nhân Chính,Thanh Xuân,100,45,5,7,5
Dương Khuê,Mỹ Đình 1,Nam Từ Liêm,75,35,5,5,5
Kim Mã,Kim Mã,Ba Đình,80,19,4,,
Thái Thịnh,Thịnh Quang,Đống Đa,70,23,4,,
Xuân La,Xuân La,Tây Hồ,50,15,6,6,
Kim Ngưu,Vĩnh Tuy,Hai Bà Trưng,76,10.5,3,4,2
Tố Hữu,Vạn Phúc,Hà Đông,70,23,6,8,
Hoàng Quốc Việt,Nghĩa Đô,Cầu Giấy,110,28,4,4,
Lương Thế Vinh,Trung Văn,Nam Từ Liêm,95,28,4,4,
Đồng Me,Mễ Trì,Nam Từ Liêm,130,42,4,4,
Láng,Láng Hạ,Đống Đa,150,38,4,4,
Đội Nhân,Đội Cấn,Ba Đình,75,19,5,5,
Phan Kế Bính,Cống Vị,Ba Đình,48,14,5,5,
Nguyễn Đình Chiểu,Lê Đại Hành,Hai Bà Trưng,95,45,5,,
Trần Quang Diệu,Ô Chợ Dừa,Đống Đa,55,45,7,6,6
Nguyễn Chánh,Yên Hòa,Cầu Giấy,72,22,5,,
Nguyễn Ngọc Vũ,Trung Hòa,Cầu Giấy,72,22,5,9,5
Nguyễn Khang,Trung Hòa,Cầu Giấy,80,21,5,10,7
Trung Kính,Yên Hòa,Cầu Giấy,68,19,5,8,5
Trần Phú,Mỗ Lao,Hà Đông,52,15,4,5,3
Ngọc Thụy,Ngọc Thụy,Long Biên,40,9,4,3,3
Xuân La,Xuân La,Tây Hồ,51,17,5,,
Lạc Long Quân,Xuân La,Tây Hồ,95,65,6,6,5
Ngô Thì Nhậm,Quang Trung,Hà Đông,40,15,,,
Tố Hữu,Dương Nội,Hà Đông,70,25,6,,
Tô Hiệu,Hà Cầu,Hà Đông,30,11.5,5,3,
Đặng Thai Mai,Quảng An,Tây Hồ,80,20,5,3,4
Ngọc Thụy,Ngọc Thụy,Long Biên,80,,5,4,4
Hoàng Mai,Hoàng Văn Thụ,Hoàng Mai,35,8,3,,
Mỹ Đình 1,Mỹ Đình 1,Nam Từ Liêm,40,15,,,
Nguyễn Xiển,Thanh Xuân Bắc,Thanh Xuân,75,14,1,1,1
Lạc Long Quân,Phú Thượng,Tây Hồ,366,,,5,3
Lạc Long Quân,Xuân La,Tây Hồ,450,,,6,
Tô Ngọc Vân,Quảng An,Tây Hồ,230,,,5,4
Trần Quốc Vượng,Dịch Vọng Hậu,Cầu Giấy,32.5,16,5,3,3
Nhân Mỹ,Mỹ Đình 1,Nam Từ Liêm,45,16.5,6,5,5
Vương Thừa Vũ,Khương Trung,Thanh Xuân,45,16,,5,4
Trung Văn,Trung Văn,Nam Từ Liêm,70,12.5,2,2,2
Văn Cao,Liễu Giai,Ba Đình,70,24,,,
Trung Kính,Trung Hòa,Cầu Giấy,45,15,5,4,4
Âu Cơ,Quảng An,Tây Hồ,200,,3,3,3
Ngọc Thụy,Ngọc Thụy,Long Biên,40,11,5,3,4
Ngọc Thụy,Ngọc Thụy,Long Biên,40,11,5,3,4
Hồ Tùng Mậu,Cầu Diễn,Nam Từ Liêm,175,20,,,
Bạch Mai,Bạch Mai,Hai Bà Trưng,210,50,4,,
Tô Hiệu,Hà Cầu,Hà Đông,35,11.5,5,3,4
Bát Khối,Thạch Bàn,Long Biên,80,16,5,4,5
Đặng Thai Mai,Quảng An,Tây Hồ,80,,,2,2
Nguyễn Thị Định,Trung Hòa,Cầu Giấy,80,30,,4,4
Ngọc Hà,Ngọc Hà,Ba Đình,50,13,5,3,3
Hoàng Quốc Việt,Nghĩa Đô,Cầu Giấy,71,38,3,,
Cầu Đất,Chương Dương Độ,Hoàn Kiếm,35,10.4,5,3,3
Nguyễn Trãi,Thượng Đình,Thanh Xuân,95,60,,,
Trung Kính,Yên Hòa,Cầu Giấy,50,26,5,,
Võ Chí Công,Xuân La,Tây Hồ,65,40,6,8,6
Phùng Khoang,Trung Văn,Nam Từ Liêm,60,35.6,6,10,
Mậu Lương,Kiến Hưng,Hà Đông,60,,6,,
Ngọc Trì,Thạch Bàn,Long Biên,100,20,3,3,3
Đặng Tiến Đông,Thịnh Quang,Đống Đa,45,15,4,3,2
An Lạc,Trâu Quỳ,Gia Lâm,200,8,3,4,4
Liễu Giai,Liễu Giai,Ba Đình,110,35,4,6,4
Ngọc Khánh,Ngọc Khánh,Ba Đình,70,30,6,,
Thái Hà,Trung Liệt,Đống Đa,90,50,7,7,7
Thái Thịnh,Láng Hạ,Đống Đa,50,20,3,4,3
Võng Thị,Thụy Khuê,Tây Hồ,55,25,5,5,5
Nguyễn Khả Trạc,Mai Dịch,Cầu Giấy,65,26,,,
Hoàng Quốc Việt,Thanh Xuân Nam,Cầu Giấy,80,28,4,5,
Yên Lãng,Thịnh Quang,Đống Đa,120,150,8,,
Trung Kính,Dịch Vọng,Cầu Giấy,50,26.5,,6,
Xa La,Phúc La,Hà Đông,80,20,4,,
Hà Cầu,Phú La,Hà Đông,120,110,8,8,8
Cầu Giấy,Quan Hoa,Cầu Giấy,45,18,4,6,4
Trần Kim Xuyến,Yên Hòa,Cầu Giấy,150,32,4,4,4
Trung Phụng,Trung Phụng,Đống Đa,80,26,2,,
An Dương,Yên Phụ,Tây Hồ,80,20,5,6,
Bùi Xương Trạch,Khương Đình,Thanh Xuân,25,3.5,1,,1
Đầm Trấu,Bạch Đằng,Hai Bà Trưng,50,20,4,4,3
Phạm Văn Đồng,Cổ Nhuế 1,Bắc Từ Liêm,130,55,,,
Vĩnh Hưng,Vĩnh Hưng,Hoàng Mai,41,15,5,3,4
Đồng Me,Mễ Trì,Nam Từ Liêm,45,30,6,5,5
Đồng Me,Mễ Trì,Nam Từ Liêm,45,30,6,4,6
Cầu Giấy,Dịch Vọng,Cầu Giấy,50,18,5,5,3
Nguyễn Tuân,Nhân Chính,Thanh Xuân,65,25,4,4,
Trần Đăng Ninh,Nghĩa Đô,Cầu Giấy,55,18,5,6,4
Mai Dịch,Mai Dịch,Cầu Giấy,55,15,4,4,3
Đỗ Đức Dục,Mễ Trì,Nam Từ Liêm,50,15,4,4,4
Nghĩa Lộ,Yên Nghĩa,Hà Đông,30,5.5,4,3,3
Vũ Miện,Yên Phụ,Tây Hồ,35,10,5,3,3
Trung Yên,Trung Hòa,Cầu Giấy,200,60,4,,
Dịch Vọng Hậu,Dịch Vọng Hậu,Cầu Giấy,130,90,6,,
Cự Lộc,Thượng Đình,Thanh Xuân,100,60,,,
Tam Trinh,Hoàng Văn Thụ,Hoàng Mai,40,10,3,3,2
Nghiêm Xuân Yêm,Đại Kim,Hoàng Mai,75,25,5,4,4
Dịch Vọng Hậu,Dịch Vọng Hậu,Cầu Giấy,300,350,11,,
Trung Yên,Trung Hòa,Cầu Giấy,100,33,5,7,5
Tố Hữu,Vạn Phúc,Hà Đông,75,25,6,6,5
Lê Trọng Tấn,Dương Nội,Hà Đông,120,,,,
Nguyên Hồng,Láng Hạ,Đống Đa,80,,7,,
Đội Cấn,Đội Cấn,Ba Đình,35,13.5,3,3,3
Ba La,Phú La,Hà Đông,70,4.5,,2,1
Đặng Tiến Đông,Trung Liệt,Đống Đa,50,15,4,4,3
Tây Sơn,Nam Đồng,Đống Đa,40,10,,,
Ngọc Thụy,Ngọc Thụy,Long Biên,80,30,5,4,
Hoàng Cầu,Ô Chợ Dừa,Đống Đa,95,45,3,,
Bát Khối,Thạch Bàn,Long Biên,80,16,5,4,
Nghiêm Xuân Yêm,Đại Kim,Hoàng Mai,75,27,5,5,3
Cổ Linh,Long Biên,Long Biên,50,8,4,4,3
Kẻ Tạnh,Giang Biên,Long Biên,200,13,2,2,2
Trung Kính,Yên Hòa,Cầu Giấy,60,24,5,,
Tố Hữu,La Khê,Hà Đông,200,12,4,,
Minh Khai,Minh Khai,Hai Bà Trưng,40,10,2,2,1
Âu Cơ,Tứ Liên,Tây Hồ,45,13,4,3,3
Trung Kính,Yên Hòa,Cầu Giấy,50,26.5,5,6,4
Nghĩa Đô,Nghĩa Đô,Cầu Giấy,70,35,6,3,6
Mai Động,Mai Động,Hoàng Mai,27,5,2,2,1
Trần Phú,Mỗ Lao,Hà Đông,52,15,,,
Trung Kính,Trung Hòa,Cầu Giấy,60,35,6,6,6
Đặng Thai Mai,Quảng An,Tây Hồ,400,30,,3,4
Phú Xá,Phú Thượng,Tây Hồ,112,30,4,5,4
Nguyễn Xiển,Hạ Đình,Thanh Xuân,60,30,5,,
Hoàng Cầu,Trung Liệt,Đống Đa,50,15,4,3,3
Trần Phú,Mỗ Lao,Hà Đông,54,15,,,
Kim Mã,Ngọc Khánh,Ba Đình,50,15,4,4,3
Yên Xá,Tân Triều,Thanh Trì,60,15,4,5,3
Đặng Tiến Đông,Trung Liệt,Đống Đa,65,35,5,,
Tố Hữu,Dương Nội,Hà Đông,180,12,,,
Nguyễn Thị Định,Trung Hòa,Cầu Giấy,65,27,5,,
Nguyễn Tuân,Thanh Xuân Bắc,Thanh Xuân,110,50,,,
Thành Thái,Dịch Vọng,Cầu Giấy,100,37,4,,
Lê Trọng Tấn,Dương Nội,Hà Đông,80,16,4,,
Võ Văn Dũng,Ô Chợ Dừa,Đống Đa,60,35,4,,
Trung Yên,Trung Hòa,Cầu Giấy,98,32,5,6,5
Nguyễn Tuân,Nhân Chính,Thanh Xuân,100,50,5,5,5
Tân Mỹ,Mỹ Đình 1,Nam Từ Liêm,90,18.5,5,4,3
Đồng Me,Mễ Trì,Nam Từ Liêm,60,30,,,
Tam Trinh,Mai Động,Hoàng Mai,25,9,3,3,2
Trần Cung,Nghĩa Đô,Cầu Giấy,200,35,3,2,3
Nguyễn Văn Cừ,Gia Thụy,Long Biên,65,9.5,3,3,2
Nguyệt Quế,Phúc Đồng,Long Biên,200,45,3,,
Thịnh Quang,Thịnh Quang,Đống Đa,60,29,5,7,
Bát Khối,Thạch Bàn,Long Biên,40,20,7,3,4
Đội Nhân,Vĩnh Phúc,Ba Đình,50,17,3,4,
Láng Hạ,Láng Hạ,Đống Đa,45,11,4,4,3
Nguyễn Sơn,Gia Thụy,Long Biên,30,15,5,3,4
Vĩnh Hưng,Vĩnh Hưng,Hoàng Mai,40,13,5,3,
Mễ Trì,Mễ Trì,Nam Từ Liêm,50,27,6,6,6
Nguyên Hồng,Láng Hạ,Đống Đa,150,19,1,,
Giải Phóng,Thịnh Liệt,Hoàng Mai,61,8,3,,
Phạm Thận Duật,Mai Dịch,Cầu Giấy,50,18,5,5,
Lê Trọng Tấn,Phú La,Hà Đông,90,19,4,,
Trung Yên,Trung Hòa,Cầu Giấy,52,20,,,
Vũ Phạm Hàm,Trung Hòa,Cầu Giấy,120,40,5,9,6
Vạn Bảo,Liễu Giai,Ba Đình,25,12,4,,
Phố Vọng,Đồng Tâm,Hai Bà Trưng,30,7,4,,
Tô Hiệu,Hà Cầu,Hà Đông,65,17,4,4,5
Lạc Long Quân,Bưởi,Tây Hồ,50,23,,,
Lê Trọng Tấn,Phú La,Hà Đông,90,17,5,6,6
Phạm Văn Đồng,Cổ Nhuế 1,Bắc Từ Liêm,50,25,4,4,3
Phúc Diễn,Phúc Diễn,Bắc Từ Liêm,60,15,2,2,2
Hồ Tùng Mậu,Mai Dịch,Cầu Giấy,45,16,5,4,4
Nguyễn Hoàng,Mỹ Đình 2,Nam Từ Liêm,45,32,7,7,6
Thái Hà,Trung Liệt,Đống Đa,115,45,4,,
Nguyên Hồng,Láng Hạ,Đống Đa,68,50,5,,
Nguyễn Chánh,Trung Hòa,Cầu Giấy,80,45,4,,
Cự Lộc,Nhân Chính,Thanh Xuân,90,58,6,,
Đại Từ,Đại Kim,Hoàng Mai,32,9.5,5,3,3
Tố Hữu,La Khê,Hà Đông,82.5,16,4,,
Nguyễn Hoàng,Mỹ Đình 1,Nam Từ Liêm,50,32,,,
Văn Cao,Đội Cấn,Ba Đình,65,25,7,10,6
Nguyễn Du,Trần Hưng Đạo,Hoàn Kiếm,75,13,,,
Lò Đúc,Đống Mác,Hai Bà Trưng,40,12,4,4,3
Phạm Ngũ Lão,Phan Chu Trinh,Hoàn Kiếm,70,14,4,,
Ô Đồng Lâm,Phương Mai,Đống Đa,62,22,4,5,
Yên Lãng,Thịnh Quang,Đống Đa,32,10,4,,
Nguyên Hồng,Láng Hạ,Đống Đa,65,25,5,6,4
Hoàng Cầu,Ô Chợ Dừa,Đống Đa,90,27,4,,
Từ Hoa,Quảng An,Tây Hồ,45,7,,,
Bắc Cầu,Ngọc Thụy,Long Biên,300,22,2,2,3
Bát Khối,Long Biên,Long Biên,35,9.5,5,3,4
Bát Khối,Long Biên,Long Biên,90,30,6,4,
Nguyệt Quế,Phúc Đồng,Long Biên,380,110,4,5,5
Nghiêm Xuân Yêm,Đại Kim,Hoàng Mai,99,28,5,6,5
Võ Văn Kiệt,Quang Minh,Mê Linh,280,18,4,6,4
Phạm Tuấn Tài,Dịch Vọng Hậu,Cầu Giấy,65,35,5,5,
Đồng Me,Mễ Trì,Nam Từ Liêm,45,28,6,6,
Văn Cao,Liễu Giai,Ba Đình,70,25,7,7,
Xã Đàn,Trung Tự,Đống Đa,70,42,3,,
Lương Thế Vinh,Mễ Trì,Nam Từ Liêm,95,30,5,6,5
Xuân Đỉnh,Xuân Tảo,Bắc Từ Liêm,200,180,7,,
Nguyễn Tuân,Nhân Chính,Thanh Xuân,65,22,4,6,4
Tố Hữu,Vạn Phúc,Hà Đông,90,50,6,6,6
Phú Đô,Mễ Trì,Nam Từ Liêm,125,30,4,8,4
Phúc La - Văn Phú,Phú La,Hà Đông,90,13,4,3,3
Giang Văn Minh,Kim Mã,Ba Đình,65,12,,2,
Triều Khúc,Thanh Xuân Nam,Thanh Xuân,150,50,6,5,5
Hồ Tùng Mậu,Dịch Vọng,Cầu Giấy,40,12,5,3,4
Lê Thanh Nghị,Bách Khoa,Hai Bà Trưng,82,11,2,2,2
Đặng Tiến Đông,Trung Liệt,Đống Đa,60,14,1,,
Lạc Long Quân,Bưởi,Tây Hồ,55,35,,,
Hoàng Tích Trí,Kim Liên,Đống Đa,45,11.5,3,2,2
Phạm Văn Đồng,Cổ Nhuế 2,Bắc Từ Liêm,80,10,1,2,1
Văn Cao,Liễu Giai,Ba Đình,65,25,7,10,7
Nguyên Hồng,Láng Hạ,Đống Đa,80,22,,,
Chiến Thắng,Văn Quán,Hà Đông,50,15,4,4,3
Minh Khai,Minh Khai,Hai Bà Trưng,40,15.5,,,
Tố Hữu,Vạn Phúc,Hà Đông,90,35,6,,
Nguyễn Viết Xuân,Khương Mai,Thanh Xuân,80,15,4,4,
Trương Công Giai,Dịch Vọng Hậu,Cầu Giấy,95,90,7,,
Tam Trinh,Hoàng Văn Thụ,Hoàng Mai,40,10,3,3,2
Đặng Thai Mai,Quảng An,Tây Hồ,320,18,4,4,5
Thụy Khuê,Thụy Khuê,Tây Hồ,58,,4,4,4
Anh Đào 8,Việt Hưng,Long Biên,170,35,,4,4
Đặng Thái Thân,Phan Chu Trinh,Hoàn Kiếm,50,38,,,
Cao Lỗ,Uy Nỗ,Đông Anh,50,5,3,3,3
Âu Cơ,Nhật Tân,Tây Hồ,45,11,4,3,3
Đặng Thai Mai,Quảng An,Tây Hồ,90,21,4,4,5
Quang Trung,Phú La,Hà Đông,42,7.5,2,2,2
Âu Cơ,Nhật Tân,Tây Hồ,59,18,5,3,4
Kim Mã,Kim Mã,Ba Đình,50,15,4,4,3
Tố Hữu,Vạn Phúc,Hà Đông,95,20,7,,
Giải Phóng,Thịnh Liệt,Hoàng Mai,70,20,4,,
Lạc Long Quân,Phú Thượng,Tây Hồ,250,65,5,6,5
Hữu Hưng,Tây Mỗ,Nam Từ Liêm,90,12,,,
Pháp Vân,Yên Sở,Hoàng Mai,120,35,3,4,4
Trung Yên,Yên Hòa,Cầu Giấy,80,37,5,6,4
Vương Thừa Vũ,Khương Trung,Thanh Xuân,90,12,4,5,3
Phan Chu Trinh,Phan Chu Trinh,Hoàn Kiếm,85,12,1,3,2
Trần Duy Hưng,Trung Hòa,Cầu Giấy,100,70,5,,5
Âu Cơ,Nhật Tân,Tây Hồ,105,,5,7,
Đặng Tiến Đông,Trung Liệt,Đống Đa,45,16,4,3,3
Minh Khai,Minh Khai,Hai Bà Trưng,35,25,5,,3
Xuân Mai,Thuỷ Xuân Tiên,Chương Mỹ,40,2.5,2,,
An Thắng,Biên Giang,Hà Đông,36,5,3,3,3
Lê Đức Thọ,Mỹ Đình 1,Nam Từ Liêm,50,5,1,1,1
Đội Cấn,Ngọc Hà,Ba Đình,42,,2,,1
Khuất Duy Tiến,Nhân Chính,Thanh Xuân,71,30,3,6,3
Ngọc Khánh,Ngọc Khánh,Ba Đình,130,18,,,
Ba La,Phú Lãm,Hà Đông,90,95,8,26,26
23B,Đại Thịnh,Mê Linh,770,10,,,
Nguyễn Văn Cừ,Bồ Đề,Long Biên,65,9,3,3,3
Quốc lộ 3,Mai Lâm,Đông Anh,80,5,3,2,2
Lý Sơn,Ngọc Thụy,Long Biên,70,4,2,3,2
Trần Quốc Toản,Hàng Trống,Hoàn Kiếm,12,3,2,,
Đào Tấn,Ngọc Khánh,Ba Đình,80,22,,3,
An Thắng,Biên Giang,Hà Đông,36,5,3,3,3
